,id,xcentroid,ycentroid,sharpness,roundness1,roundness2,npix,sky,peak,flux,mag
0,1,2.1878253931844136,2.186449553597755,0.40738501086939743,0.1604352811002323,-0.000603661510851571,49,0.0,775.1836978859524,154.29060881764605,-5.4708487318332395
1,2,522.6691127751072,1.6541107185251185,0.515024483469382,-0.4732595858036412,-0.9435474153094833,49,0.0,1598.7787096522632,277.41144000385077,-6.107810916790001
2,3,846.8148014592887,2.185541587414917,0.4081427985283667,-0.16100188370328503,0.00042362085386625075,49,0.0,776.8417762764055,154.52676673719154,-5.472509294182178
3,4,29.99534118540533,8.651107123946181,0.6022952820055885,-0.05099129009876935,-0.09112914870570983,49,0.0,1292.2219768762534,105.95184469725895,-5.062771306224066
4,5,234.47457100255437,9.81939003107548,0.5840391493258198,-0.2506211834037169,-0.26173746870013986,49,0.0,796.0010645397432,3.799970903790192,-1.4494506781395637
5,6,151.2921552423224,19.033343519954297,0.572862585243509,-0.03614912198288247,-0.13644318858033752,49,0.0,904.8156896163,27.08129107838098,-3.581673412851332
6,7,286.29735077205834,22.569309024439185,0.5104234741133977,-0.1796441280268493,-0.024561726552642514,49,0.0,791.8305042484105,3.1870203059754463,-1.2584620764322072
7,8,217.95072648793268,23.897238758495195,0.7314470785696212,0.0027306599992286155,-0.06150355937177672,49,0.0,792.4562449297964,2.61222172427716,-1.0425250922496252
8,9,470.54931720136346,27.98359229085048,0.6215149965736623,-0.09032951909292597,-0.1963578221653421,49,0.0,811.6393159958136,6.874122224129821,-2.093043124417634
9,10,156.7485292075575,28.959097067539215,0.599447275830857,-0.034888578393700104,-0.0950154415979132,49,0.0,843.9343051051094,13.457136534909713,-2.822381646862122
10,11,516.4319353592413,35.843150341249284,0.7456216164032871,0.10576973260278996,-0.24290250379056783,49,0.0,787.2318354787908,1.735160170613163,-0.5983489254869772
11,12,174.03675262219875,42.48221509128994,0.4789676887072428,0.10510361333871238,0.18997301880012338,49,0.0,784.4251610971316,1.7463019443281205,-0.6052983438679452
12,13,777.6082562936806,45.56487156824833,0.538198743205667,0.23011404546519443,-0.042457641350725245,49,0.0,784.2978425172181,1.4846102752680224,-0.4290311551529396
13,14,823.9370362529831,47.8651368144519,0.573771626568716,-0.0956251951213752,-0.08252002943751151,49,0.0,838.2369596437821,13.003947570507691,-2.7851880245830807
14,15,830.5976849474181,51.16562348201618,0.5628905693262066,-0.30690377066781194,-0.20530215941096638,49,0.0,788.774834630471,2.37862259924479,-0.940813851974745
15,16,102.96034980498733,55.06739222403571,0.6699054208319711,0.33117472092350814,-0.015567404677498252,49,0.0,785.5794435638335,1.5118325181609498,-0.4487592059763524
16,17,466.27098733282634,59.14083163428256,0.6335095960568673,-0.04598121742407824,-0.15126176389960921,49,0.0,795.3784784587162,3.55194395252048,-1.3761652606555395
17,18,795.3148769348212,60.660589407038046,0.5701361422995342,-0.11061350172481238,-0.08737726883315798,49,0.0,1231.7194263245915,95.85869113127482,-4.9540787369381505
18,19,384.96062331128036,65.25634207713877,0.6867955441889749,-0.04117072865691603,-0.3680460663431879,49,0.0,790.4483137666804,2.4353753456403604,-0.9664147629300108
19,20,64.87497106081503,67.04975404176558,0.5988054442412297,-0.06893340467466214,-0.11174922137185737,49,0.0,7921.499697812903,1483.6387767942658,-7.9283204391146365
20,21,605.5222514266004,69.23200066198955,0.6002079208374612,-0.11869051894412092,-0.1499966434190092,49,0.0,825.0731601531659,9.666731221445387,-2.4631991085578635
21,22,14.642464612639715,73.75095283333698,0.7135238169368253,-0.20656338701580543,-0.24335691629293935,49,0.0,783.5719208379635,1.1949589892539227,-0.1933825016071547
22,23,552.1504736308834,75.5364946281978,0.8305454237168869,0.12258153902696559,0.16832399553833166,49,0.0,784.2006250799429,1.127789192553826,-0.13056982122241703
23,24,583.3749735198476,76.8720797360982,0.5653889146837496,-0.04881337905511892,-0.14017862196322883,49,0.0,1011.0589871173227,49.736738504976245,-4.241693257334164
24,25,685.5085843370164,77.24516503453088,0.5474715064078345,-0.11232650216669939,-0.11452408493672721,49,0.0,2888.045394785443,454.3497228522618,-6.6434756686858245
25,26,175.2567315024358,77.69645668167662,0.7453929622301684,0.3490519003793213,0.2119026260509153,49,0.0,785.483660946207,1.2989476879908035,-0.283979153135999
26,27,105.80154363809159,79.96537820707046,0.5006255085981938,-0.0708337714411412,-0.091907561128043,49,0.0,805.147324056451,6.402916086964046,-2.015944525602402
27,28,187.3208234922002,81.02824841752124,0.5536952878370833,-0.07123115207272293,-0.22068705376919603,49,0.0,795.5141333319243,3.9107043455691297,-1.4806374598871017
28,29,484.33772495055933,81.74742961185129,0.5787955006054498,-0.31381212669199443,-0.15784602367044,49,0.0,787.3406675847838,2.1035237134231175,-0.8073685306623781
29,30,725.8740952772564,89.20112971774648,0.6017215462104701,-0.08409088926413452,-0.08090715721270564,49,0.0,807.3672897154902,6.1408132243402145,-1.970564720791371
30,31,175.40866017271819,93.50844959907852,0.6088858358824764,-0.17332257967551062,-0.016029607772362117,49,0.0,796.3036713250991,3.703058064134667,-1.4214013046547838
31,32,258.7129884229336,95.07558613747922,0.5973202554185684,-0.010978133347440624,-0.08563710648700988,49,0.0,803.927049051783,5.558236372899433,-1.8623425297553577
32,33,326.36602036433874,96.09641858013015,0.568955526368125,-0.09430925402324496,-0.23008900542648328,49,0.0,788.7987717622414,2.337798203739737,-0.92201755151211
33,34,710.3095455282808,96.61385362048027,0.5798048170214813,-0.14314947855311205,-0.07000533691022973,49,0.0,825.7696874260303,10.044142559138566,-2.5047821703490887
34,35,33.417307691404694,111.39293041616797,0.5452263582900505,-0.0192685253024592,-0.15285578533409022,49,0.0,812.6858207377832,7.721571442972787,-2.219264235153205
35,36,320.38690234142376,112.02677655815435,0.4913231343553822,0.15942826944133248,0.07415870820960521,49,0.0,792.8340429540618,3.2233650816024477,-1.2707737423304142
36,37,317.6010993065189,117.63457052742167,0.5799623287705417,0.041006438581134966,-0.11762766317506049,49,0.0,890.832302345099,23.681237408691494,-3.436010979262133
37,38,39.48416432038273,118.88956182634254,0.5975793041311828,-0.30871050294938346,-0.291051353569146,49,0.0,789.9111935636663,2.7082646037859957,-1.0817277341817573
38,39,290.86169312287973,119.69112583321626,0.6886354903732339,-0.24600093909568294,-0.17584569662501437,49,0.0,786.1757833800912,1.5009400011547807,-0.4409083300615415
39,40,703.2672797587733,122.79610283031337,0.5286060854624121,-0.0791952321463665,-0.10420969893550781,49,0.0,800.3313563269494,5.0264045753627045,-1.7531436050783729
40,41,688.6826416546126,125.40960466590168,0.521006212281608,-0.10581461723333392,-0.04871274715187964,49,0.0,806.4184446087667,6.390548765504014,-2.0138453831101124
41,42,747.760739851132,126.76483068096357,0.5605663798488845,-0.02180051198383431,-0.19251064863008455,49,0.0,797.8900943600293,4.392373484093588,-1.606748152822243
42,43,288.4328119728058,131.16898449223018,0.5688800862006396,-0.035062376027815555,-0.16467034361994357,49,0.0,943.3763774481276,35.293423106383784,-3.86923445647776
43,44,840.9432483541829,134.08337777441156,0.5252236119074656,-0.10320748266974221,-0.05218483272674297,49,0.0,799.5272245703346,4.8643886108871675,-1.7175706574494396
44,45,635.4340966140408,134.89958620759768,0.5593071407940107,-0.07317199208074014,-0.16672562787539688,49,0.0,845.2570362641328,14.533368610172616,-2.9059157217825233
45,46,537.0987132104423,137.356391850538,0.5449670754124252,0.024788170746060722,-0.0892994604135051,49,0.0,792.9907587878239,3.2635433256927247,-1.2842234565407487
46,47,59.685054547853795,138.93909734961082,0.5879407323020767,-0.06522313827724466,-0.14029846184206232,49,0.0,1230.7166602888547,94.94965835562601,-4.943733516033477
47,48,674.8954808910165,140.03577863580142,0.6000568853346934,-0.20865704619794487,0.14421172758939582,49,0.0,989.200929156046,40.07156849835928,-4.007090855261336
48,49,447.582171763584,141.63104127528763,0.4260246364236457,0.009149686289442986,-0.15331695718033114,49,0.0,783.0724550954733,1.262194934910441,-0.2528160826311587
49,50,812.1815506666569,141.4360580482425,0.9694755189770972,0.08242169770666306,-0.1613650401163503,49,0.0,784.6631042955444,1.0414845518354026,-0.04413208128695109
50,51,770.5453686526794,144.3877518721028,0.5465173378399043,0.2099274926453678,0.022624649373982265,49,0.0,798.2134635722716,4.408600938254662,-1.6107519718573506
51,52,735.8457775245379,145.19084571061092,0.6307031993591914,-0.05745150784054096,-0.08390629554921537,49,0.0,809.7863643235936,6.427127735577023,-2.0200423283915963
52,53,673.7884210907147,145.4853103096989,0.5836862158626431,0.057009102223277555,-0.015122060039600696,49,0.0,1145.9794790714775,75.65955009857784,-4.697159386196797
53,54,766.6440787508211,149.9216398727939,0.5544153415864483,-0.038215994012777046,-0.12335015540846042,49,0.0,838.6736182064697,13.204262094145387,-2.801785340363383
54,55,718.8691049558531,151.63461234182526,0.592708610633135,-0.007099550606713965,-0.06665190814602354,49,0.0,1614.3993185306056,173.35260993551836,-5.597325961563979
55,56,266.0933207481412,156.8657466798614,0.3250271098433729,-0.11019226289772775,-0.2739427953641303,49,0.0,781.241565995759,1.0210267644129067,-0.022592816246876236
56,57,132.97276211362558,157.55585299048587,0.4403814609065053,0.01987121598882357,0.23734741484660624,49,0.0,783.1549293115768,1.4092916593472156,-0.3725022040954787
57,58,226.68265443419224,161.45224442749026,0.5402109105478471,-0.1295103718471938,-0.07945047675884023,49,0.0,1150.4440555941042,81.08874453514404,-4.772401441153257
58,59,708.8372134682987,161.8050994495714,0.6590274277429248,0.34959706888316094,-0.18450082984381497,49,0.0,788.011430682412,1.9984157173027077,-0.7517145917952689
59,60,163.83588278066694,164.77045599497913,0.5864086049199116,0.02474476835085598,-0.057052755636358206,49,0.0,799.7548032743016,4.644523448657835,-1.6673528995724647
60,61,586.2580257292964,167.56123250790625,0.6425585420963427,-0.09723932015734914,-0.15312869736932544,49,0.0,794.6869942889031,3.2109123798475054,-1.266571136488721
61,62,608.9223284031622,175.32643883529224,0.5304007986194669,0.05265169272590477,-0.07499362790511378,49,0.0,798.1700567991887,4.569076837013262,-1.6495711538448203
62,63,313.87458892620793,179.7240365600433,0.5794903318652624,0.11681017875569348,0.11523770949206139,49,0.0,786.4920137553025,1.7174870526765194,-0.5872336795075183
63,64,644.890989495325,180.03738318531637,0.5739741607125716,0.009058791001021846,-0.10799509354069757,49,0.0,862.8626043824398,17.873494273007704,-3.1305236637397345
64,65,571.2779867516897,181.1594838824578,0.5044417112256411,-0.01637965180850605,-0.24060004646074895,49,0.0,804.5221344681651,6.286926655914085,-1.996095984612707
65,66,656.8875608684211,183.45577182167952,0.5478200519862159,-0.010293367564185136,-0.024456587915705683,49,0.0,1806.8622724426366,223.14801463850387,-5.87148256812311
66,67,340.6501988696358,187.0931507485448,0.5776671075089751,-0.055363033332527053,-0.15208875253579235,49,0.0,839.467609988899,13.221875860015446,-2.8032326881500644
67,68,499.6253517561835,188.95271268046946,0.5562811133670218,-0.10177158034485659,-0.15620101141132037,49,0.0,804.6634818607008,5.82509226437266,-1.9132570214943194
68,69,319.7366744749007,191.26801340219546,0.6556547042663343,-0.13314399745468067,-0.13332766401145055,49,0.0,788.4520706711221,1.9948435862819,-0.7497721218893207
69,70,532.1359102549155,193.79523361006636,0.6083384891420529,-0.12425037646229874,-0.07949979577014012,49,0.0,790.8992362885419,2.637874867765917,-1.0531354754408515
70,71,184.7190736394154,195.20197635073222,0.5167566801674719,-0.0940971534381333,-0.13988019360777715,49,0.0,798.5474543445919,4.6287305622111,-1.6636547532366806
71,72,262.9698258772233,194.83177993025245,0.5519043795229207,-0.2301440240197184,-0.32178307392959815,49,0.0,1067.3146430558638,61.106565503881576,-4.4652196871825325
72,73,647.5448974582146,198.12026223804074,0.5584780153330814,-0.062459837250271086,-0.12585862246786036,49,0.0,841.7968659174775,13.72734116977119,-2.843966068671441
73,74,151.40851459597738,199.30193344939832,0.5544089018426539,0.019480053069909797,-0.13563007819091244,49,0.0,1337.5750587007778,120.95886960254089,-5.206594298904883
74,75,455.9825536627582,199.20167913202462,0.611170797436144,0.035057971652566224,-0.08073655686192925,49,0.0,793.9396925968111,3.1886781307942003,-1.2590267080518753
75,76,337.98098775678665,199.80106920026756,0.5646861815124444,-0.09895906166413958,-0.17687497123036983,49,0.0,795.7125446056008,3.7724010625784663,-1.441544646275017
76,77,474.86737747476855,204.20554056045742,0.48958996788940284,-0.1708843076839026,-0.008088582798788765,49,0.0,785.5368103797624,1.760708651002999,-0.6142187452136847
77,78,165.15661717334405,205.02178847443972,0.5889246214287546,-0.03504724462771588,-0.1268076495237503,49,0.0,2309.6119230819686,320.9758946763961,-6.266181045170123
78,79,803.4250537545649,208.34437971065202,0.5425952754027324,0.014051227524122438,-0.10205896143972362,49,0.0,933.3881682404386,34.33262088079483,-3.8392673945693714
79,80,693.3158406840396,210.1175536935379,0.5885795742920051,-0.014772485328949606,-0.13094518240083905,49,0.0,809.604423494775,6.654704898324697,-2.0578220038202053
80,81,335.4225734946045,212.68103537586816,0.545421751970452,-0.1094922850322773,-0.14525791057175055,49,0.0,804.0410532991193,5.614166631717894,-1.8732132465038127
81,82,252.1052085634909,213.4998173186553,0.5820588621042208,-0.07398781214537237,-0.06945900357441619,49,0.0,883.1457578335076,21.958743176253837,-3.3540186983661386
82,83,546.8128011232634,220.2449997500165,0.4153199597752419,0.14121066870582102,0.2177833693980795,49,0.0,781.8367422848545,1.0525024056206198,-0.055557742852558815
83,84,115.6640781244512,221.30270830591903,0.5461775628307693,-0.09045677013594838,-0.1481153476430671,49,0.0,856.2603698456504,17.019640942123633,-3.0773759841864563
84,85,229.5858900906551,220.6998404481289,0.4088541713535396,-0.09518796451690194,-0.13495599830075294,49,0.0,786.1567098864017,2.082860650548364,-0.796650538380772
85,86,717.6754737261143,227.23390189161523,0.5168571308665402,0.2737077142142757,0.35385317786676873,49,0.0,784.5973598231844,1.6819731078264022,-0.5645476195346902
86,87,267.2151467075163,229.81936225790028,0.5949610812348464,-0.0974376820462038,-0.13334034007237686,49,0.0,870.0732678714744,19.005271804495464,-3.1971852126494946
87,88,527.6685324185053,229.96306808765286,0.5850383258152021,-0.023660554380521608,-0.13657010722423232,49,0.0,1862.987176506309,227.15516527983462,-5.890806541705853
88,89,250.04640841342444,233.9490658463782,0.5502133875126527,-0.28259696122518385,0.06464332727058235,49,0.0,783.3861657140078,1.1657812795500013,-0.16654269253531254
89,90,307.29994495233876,235.19529841184374,0.5754884416252064,-0.0021670147247072266,-0.13685014269104276,49,0.0,897.0043484928026,25.17307315519347,-3.5023405947778636
90,91,354.1664292569456,234.86015377437246,0.5506658314474879,-0.1794950946698885,-0.21157820531654936,49,0.0,784.2168972919948,1.2179013218976222,-0.2140302546267131
91,92,204.33078360643353,236.1007227922463,0.4682537323461282,-0.4932421947368052,-0.04009903594099117,49,0.0,795.480612191834,3.7523559031058964,-1.4357600589587882
92,93,754.6628578758291,238.7348761558299,0.6299249856153065,0.5313122104891536,-0.04243969880353382,49,0.0,782.6712434702589,1.178694820941445,-0.178503438230781
93,94,438.294317364594,242.70147572605765,0.571415785487675,-0.07692018491253545,-0.11697731636218194,49,0.0,8983.086876590789,1739.3791182553416,-8.100985629850635
94,95,488.49927543705786,244.42028491498044,0.48257675706808517,-0.12448170345097997,-0.19401308775806608,49,0.0,789.392660140269,2.5814071578870843,-1.0296412748987371
95,96,610.3293070439661,250.59876396600387,0.5737141727706496,-0.09299999798394185,-0.08735461898509296,49,0.0,1007.7419231908033,48.48867731271623,-4.2141008436862455
96,97,721.0588278252766,253.3272758030567,0.5726099347628943,-0.0017811069766791169,-0.05438204268489297,49,0.0,817.0426984844197,8.340524757484259,-2.3029834395770434
97,98,840.1185594868697,252.43599281533287,0.5052994494895846,-0.01558856623085121,-0.09146106879767213,49,0.0,785.2555045511257,1.8107634869460378,-0.6446543215028535
98,99,203.12278276812143,256.11270838544766,0.6187398996690371,-0.053136479644649265,-0.19378586308225357,49,0.0,809.0563024479223,6.109489627292794,-1.9650123294900408
99,100,433.88935967366825,258.0078760203936,0.5720053555359974,-0.05622303210019078,-0.09442854433656724,49,0.0,808.3226823448281,6.195944875613511,-1.9802688631297325
100,101,274.938556928806,258.9017327634182,0.5768557662825546,-0.08321589683655264,-0.05396564869526906,49,0.0,819.3337849509095,8.724128123714735,-2.351805087651146
101,102,233.5184180213224,259.78260854213744,0.556633424843742,-0.11714266496804154,-0.1164840922420016,49,0.0,787.9145536073602,2.1092607955378297,-0.8103257014357947
102,103,342.7945193869314,260.0598752459682,0.5764324850511634,-0.03786898069173592,-0.052215899172480366,49,0.0,797.1581615208466,3.936367963017979,-1.487739221374214
103,104,840.8356051794239,263.7373061391225,0.5849651210146275,-0.04930305739366682,-0.06432753192741651,49,0.0,822.7761300087493,9.473699921728432,-2.4412990609646896
104,105,652.5873815429409,264.55775030901714,0.5953262499294791,0.07969491357485009,-0.1081114975506463,49,0.0,920.9981712360288,29.370759145017455,-3.669787929656612
105,106,827.6314026409511,270.00054822465734,0.5911381146455853,-0.08758603898459418,-0.13244022497908037,49,0.0,822.3992723642785,9.361984842974728,-2.428419834176335
106,107,88.54712683270198,270.7068430631015,0.4402751589251674,0.32431607917904026,0.09392470021493401,49,0.0,782.5037326577439,1.193351862629539,-0.19192128827831062
107,108,187.6586805930712,273.20444789044404,0.6926158217566425,-0.06823882834724572,-0.011031398978902138,49,0.0,790.0582157840722,2.1292792739271373,-0.820581566901589
108,109,608.1605331786167,275.17304989299384,0.5648039664960457,0.02571506937780044,-0.06277165793096944,49,0.0,803.8347408503258,5.563764931579932,-1.863421932040902
109,110,652.799302143481,276.2816710102664,0.5377009982876682,-0.06017471000272165,-0.0767510365886584,49,0.0,849.1244241142364,15.795214468667458,-2.9963138179148006
110,111,434.90749489802283,276.68318050313366,0.5925386377073129,-0.012608430456506368,-0.11342605840317972,49,0.0,877.2403048424375,20.452215552993806,-3.276850903147012
111,112,260.4169993808006,278.69938763309807,0.5871829109440384,0.5391356231223263,-0.07319028748513454,49,0.0,783.3759152941873,1.0577941496417869,-0.06100290182625685
112,113,359.1769063368616,278.3035965601557,0.5754697620429812,0.0010705503950392853,-0.09200615917119628,49,0.0,1009.8774274363778,49.17851856290507,-4.229438605148369
113,114,416.88580682080243,279.44574430340003,0.6516742835573448,-0.15830872932877232,-0.12643273680461306,49,0.0,793.1941412795926,2.808245391810164,-1.1210876372525385
114,115,188.19252369442313,280.7951716166797,0.6728562151927492,-0.07809078189070157,-0.07633418860028816,49,0.0,795.2864933275356,3.1891681635873455,-1.2591935500613953
115,116,210.20657368082837,281.15770914630474,0.5613986551623039,0.2804616834468588,-0.3771921010405645,49,0.0,785.4626355526569,1.5132268611841593,-0.44976010455024446
116,117,255.1991389605917,283.82056854800635,0.7857570117691561,0.23424159024974528,0.03283551885554659,49,0.0,786.8156015064617,1.3616412825816793,-0.3351567749726726
117,118,77.24896174163234,284.8007840241102,0.4911079356207788,-0.09881794508147207,-0.6606266421674066,49,0.0,783.2650912000895,1.2633748493945878,-0.2538305673427846
118,119,567.3114498345767,286.3473715646415,0.6042413335670006,-0.012246783144786257,-0.28724894413213786,49,0.0,790.8384326567084,2.620956101672846,-1.046149367550682
119,120,690.6556385508842,289.42050242426836,0.5536067544621187,0.1333544803202093,0.05796650336990627,49,0.0,785.3948023451635,1.6916527072047949,-0.570778020241889
120,121,457.008264312911,292.26931017943616,0.46448316216018154,-0.19907119659385053,-0.08926914252141424,49,0.0,786.6053165228074,2.0399253240567643,-0.7740356735357257
121,122,413.60006961673287,293.6429854132863,0.487115200946833,-0.09498421537407965,-0.08479058807748298,49,0.0,787.3220269293123,2.114608820592587,-0.8130750985793965
122,123,566.3370317389641,296.7634667955289,0.5718526693518563,-0.10557349731801126,-0.14333764132993024,49,0.0,798.5568307044521,4.208487690273362,-1.5603151530318005
123,124,619.9777880484363,299.2842326514573,0.5974554199116378,-0.038034110258390916,-0.1182637965629021,49,0.0,794.8896697662057,3.529992212937166,-1.3694343683688843
124,125,414.13898742584263,301.3276754821734,0.6198697174915803,-0.07656578454577684,-0.12203987117518916,49,0.0,793.9358856491652,3.113053384910424,-1.2329664208624223
125,126,699.9587523793417,301.9694472425481,0.646844944960472,-0.0235251559562097,-0.44649369661287525,49,0.0,783.3378247502876,1.165968700902625,-0.16671723110096692
126,127,358.06331761526354,305.01374521542374,0.5943476707347012,0.03143073668301242,-0.11718972736426225,49,0.0,800.5635654979152,4.518161643493686,-1.6374044108729686
127,128,401.7036406859356,306.2005736983187,0.5667865218607432,-0.0736710669608916,-0.1195072660007232,49,0.0,967.1558690424911,40.48376425382075,-4.018202217994463
128,129,80.87592480475108,308.3911853065895,0.6326802138633234,-0.1968818002353905,0.30216015220665055,49,0.0,788.7669155575653,1.9186120551240389,-0.7074679223110685
129,130,597.8957703749311,307.7109627661433,0.552502927386222,-0.07479642610762027,-0.09551680854033646,49,0.0,811.6989372833383,7.240883227453515,-2.149478859351359
130,131,501.89886620786916,310.4124453274795,0.5547286545620124,-0.022109669520187017,0.2265364195864476,49,0.0,791.6966110616108,2.8121629981579543,-1.1226012239677803
131,132,627.1210101176299,309.92178518166634,0.6085357796180756,-0.41585045191714953,-0.14516511618727396,49,0.0,785.0945527784365,1.4744268781013996,-0.42155809816306394
132,133,80.5163570419978,312.7129501466699,0.5231349924228884,-0.23108936130742347,-0.19868063940010175,49,0.0,789.5148031651372,2.3214200124793742,-0.9143843102086959
133,134,61.778024408123905,316.089757588027,0.580841492885831,-0.11766600707618635,-0.15186413601152662,49,0.0,870.2837573712054,19.60476224005603,-3.230903949227924
134,135,568.5572662250673,316.421310146656,0.5404823695446788,-0.14598925608042942,-0.09523648424916575,49,0.0,2178.695841712292,304.43521150958657,-6.208737205659607
135,136,652.1354949298194,337.3690170722449,0.601713431153073,0.21712124067947333,-0.03402354206777741,49,0.0,789.007267738132,2.260119067095374,-0.8853282978910477
136,137,309.6408266097685,338.2752364278382,0.595445391796316,-0.11527837702294902,-0.17699384633554735,49,0.0,816.4288461553219,7.865958097695362,-2.2393790714352244
137,138,459.8458384980205,338.07318955357897,0.5174944741187547,-0.1750726899702071,-0.08234910678736591,49,0.0,788.4200789075298,2.353077804236395,-0.9290907182714372
138,139,476.8937548152476,344.10268147470543,0.6938849700590083,-0.05667946130845651,-0.10467495520277798,49,0.0,794.3191818259064,2.960788856302073,-1.1785185937751015
139,140,575.3754632868206,344.0402096530098,0.6081490990003052,-0.2406016357863605,-0.11346226435541815,49,0.0,792.6968035651095,3.085367042732115,-1.223267090413608
140,141,613.8257859591764,344.1295033191167,0.48866080126304184,0.06838007778493037,-0.11983548868312023,49,0.0,789.0756630011953,2.695172074401895,-1.0764662453074079
141,142,748.3807096157147,344.91085219493755,0.5543325687125795,0.28127178648202,0.0869491096740713,49,0.0,783.4002499339107,1.4053211143316922,-0.3694389284818917
142,143,698.7895941950386,347.53555700890695,0.6161858531768433,0.019532373492824835,0.10375884833017435,49,0.0,821.3770266032932,8.574316701826973,-2.3329988015392003
143,144,728.1423938568746,348.94242881382894,0.5579466646660538,-0.04503322496433209,-0.17353826119352098,49,0.0,800.8384426303785,5.1387484126294085,-1.7771433890847856
144,145,281.6274620276396,349.67076468203436,0.5297674758255557,-0.045695964651890256,-0.18769971683373748,49,0.0,802.594655425515,5.294142506581852,-1.8094890684187812
145,146,95.26562723357831,351.10701020228765,0.6625282931551657,-0.12394727257291299,-0.4321789468493268,49,0.0,785.575482862319,1.4254201293586353,-0.38485721870399425
146,147,587.6074224883412,354.85568424403243,0.5566787477251347,-0.15060406290869535,-0.11695420701141303,49,0.0,802.1462693527993,5.233266047556631,-1.796932034655749
147,148,149.20140576136123,358.440249607695,0.5603571637288577,-0.030022764747550442,-0.014383467635735479,49,0.0,806.2646718196553,6.102546247870249,-1.96377769845688
148,149,426.6632112709288,359.9279181088747,0.5502289896025042,-0.07584690502939195,-0.14970537428462963,49,0.0,814.6616930829306,7.890496343588562,-2.2427608072953285
149,150,547.8766802323231,360.88569186391425,0.6196967443938577,-0.09959595303787974,-0.16419359179081064,49,0.0,809.2933632917054,6.256833863200699,-1.99088655843106
150,151,223.09118135238066,364.0370420166192,0.5729615348349,0.29599571599795854,0.17305072160920443,49,0.0,784.6150563722395,1.3129728241867356,-0.2956393429695423
151,152,594.2600683071254,365.8419215892711,0.6562336697149665,0.05062485369994219,-0.3038212419819632,49,0.0,784.413818207515,1.2272586792690732,-0.22234028036801734
152,153,224.23453200193552,369.0898830346059,0.5054446141215738,0.3686067422761585,0.30365581433282846,49,0.0,783.9364081251738,1.3184929711866513,-0.3001945473392032
153,154,551.7306704188502,368.4144662331742,0.5837992475635848,0.17614124048885188,0.157309183186578,49,0.0,785.6160123266989,1.5176279873248577,-0.45291331748201163
154,155,723.4172974763553,369.07816108233624,0.6882817673892921,0.009857069362011198,-0.044264843759774845,49,0.0,786.8333361594752,1.7307291533090612,-0.5955727730582933
155,156,269.7314751307653,371.76464596500256,0.5390165120902342,0.30423631107723,0.1039089187527077,49,0.0,788.0873403497886,2.086640667541207,-0.7986191682551952
156,157,611.4463704442886,375.88669740241306,0.7982580794403088,0.08097449777990359,-0.3677110715753153,49,0.0,785.8126465866202,1.3193566668960997,-0.30090553990042795
157,158,476.8719450926062,379.1526067027484,0.5386153950937566,-0.058761542495383526,0.08699103661856675,49,0.0,786.1538523783471,1.6166664119895162,-0.5215510386680136
158,159,6.358789464852553,379.7255510885279,0.5811538532856537,-0.15617685395349973,-0.14958513227373232,49,0.0,1140.3425300053314,75.5583307529453,-4.695705887126855
159,160,215.31756095839998,379.7436056230614,0.5782690058596436,-0.09664449035666213,-0.1284735484215637,49,0.0,1263.5383364992906,102.44396012615712,-5.026215896076672
160,161,513.8681612881508,379.9617045794573,0.6690057620829225,-0.18423970702422124,-0.017734644060161345,49,0.0,784.2893105625582,1.0776475281422786,-0.08119184272538935
161,162,659.2479778603031,382.26182584282515,0.4115766593391084,-0.031152635338871738,-0.2738581298077243,49,0.0,782.4577245838103,1.1826983795664816,-0.18218500444436242
162,163,112.8510804517305,388.1035670291397,0.4679617127677465,0.33176738377963666,0.19970769763806723,49,0.0,782.4389106037025,1.0977863931337963,-0.10129460869111964
163,164,722.6370466352722,388.6721029656882,0.4954164125276578,-0.1750603272117041,0.006888897596871221,49,0.0,785.8871079877259,2.0101857197559165,-0.7580904586496466
164,165,545.7948541579756,392.0512044090759,0.5829777442340004,-0.05991383032614769,-0.1132089436325705,49,0.0,1793.6656214032496,213.36808723707244,-5.8228236598714
165,166,50.38620720925706,393.85805990405066,0.5286894857513439,-0.23094375414102467,-0.21947184854253673,49,0.0,783.1405983172328,1.0221656637915097,-0.02380322051416351
166,167,210.61258207504252,397.83490720063503,0.563400758296265,-0.019812645962310915,-0.14265458155578867,49,0.0,824.9080393180398,10.03792456116221,-2.5041098186734025
167,168,544.0790783159359,395.6825157882603,0.7279709299618913,-0.27260553229181494,0.799048743355349,49,0.0,859.7330931637085,10.618868762267933,-2.565195633560276
168,169,424.3989542363627,398.9809210906096,0.5772600809600879,-0.09509023748431678,-0.1575950165917528,49,0.0,810.852955080481,6.875135893911737,-2.0932032171258284
169,170,830.0596097683475,399.1836988168996,0.5643535513681328,-0.00765218209809456,-0.05748015902660038,49,0.0,886.5213565955489,23.608406007893453,-3.4326666634459055
170,171,418.7551968826646,400.1522066382025,0.6485987521803354,0.21907294441638758,-0.48209649038403835,49,0.0,785.2199960335652,1.2183990714849064,-0.21447389840463557
171,172,178.29104036768038,400.5649966972257,0.4511209179150264,0.11708268626182984,-0.012481703720695488,49,0.0,783.074265662299,1.0851678914412812,-0.08874233782486544
172,173,677.1501906657857,406.6786637387922,0.5958334329688297,-0.012956523482695494,-0.02581641792561653,49,0.0,813.1400811277153,7.150302038161172,-2.135810968396482
173,174,526.9333917311585,408.4249908623615,0.6017670818208014,0.10609589087641101,-0.19096085609613045,49,0.0,789.3219309805877,2.183679819035033,-0.8479724012217751
174,175,663.0134467222821,412.91327603451793,0.6808101213308497,-0.11141466067278281,-0.0839897763316588,49,0.0,793.6763826712988,3.0326306013119653,-1.2045487824679422
175,176,762.5150727766924,413.44850049711414,0.5391313916037049,0.12454488382224625,-0.10172058551597803,49,0.0,784.2806213378758,1.528693762121942,-0.46080123357469327
176,177,416.9961787046227,414.8334796716242,0.6018741068045624,-0.01944781790342237,-0.09871471077279215,49,0.0,1036.3729288387372,53.13482757666767,-4.313448189062023
177,178,713.7959734470311,416.1490171459313,0.5853376381249817,0.00715645593651958,-0.08955971582739286,49,0.0,801.2862751769658,4.935786715412842,-1.7333909618819612
178,179,335.59329152208505,418.40466084711073,0.6113303655851029,0.08197139980329572,-0.15356039776247324,49,0.0,786.8273036764394,1.547653564604274,-0.4741843808239287
179,180,528.3826106154033,419.0450689802797,0.5249967548261106,0.20560943422174915,-0.09734075814719127,49,0.0,784.7839035438129,1.2785833984111457,-0.2668226527449297
180,181,180.02655762302362,421.2236759902923,0.5510937295292312,-0.0992580438516664,-0.046900910594202434,49,0.0,785.0217681881652,1.3948743514719697,-0.361337721676302
181,182,295.51544842182017,431.75847831413915,0.5647061737287697,-0.17596987880816395,-0.2690725297294966,49,0.0,786.1507543729449,1.4097900295241912,-0.3728860869409366
182,183,799.6432095997271,432.1233490606474,0.5676825602084998,-0.009393114327563254,-0.1266209923018597,49,0.0,795.8723731889818,3.9457718805215625,-1.49032993373083
183,184,549.3296047914366,432.9389982385171,0.587164431031651,-0.07220473515935895,-0.12013106423915032,49,0.0,827.3255717747414,10.016555077774292,-2.5017959585294007
184,185,497.8115798243208,435.7615531349387,0.5330516122461278,-0.05915773691390912,0.034053554649857896,49,0.0,787.7300024400668,1.8188264481337575,-0.6494781519828775
185,186,350.4006139795739,436.5858709778718,0.5639985493580039,-0.10556163116101239,-0.10339183281039539,49,0.0,973.6405315303945,41.223519429802856,-4.037862666551639
186,187,227.19843046983644,439.93115533356365,0.519945249932418,-0.11278566873102436,-0.12871002061288533,49,0.0,797.3624160459138,4.228380430157719,-1.5654351353808118
187,188,388.1168113811806,440.89189041700695,0.46135864802131,-0.45906732695280583,-0.33148018331395424,49,0.0,785.3911441105535,1.667144003991845,-0.5549327869694093
188,189,822.0815744058375,440.8668793747167,0.5862832632332534,-0.10109016416808382,-0.20360918950230997,49,0.0,784.6751601413382,1.6066030262902227,-0.5147714517257945
189,190,473.78470597694246,441.930607249565,0.5953713339602505,-0.076896822659124,-0.14584861854229839,49,0.0,814.2480014508419,7.254032938236932,-2.151448808102101
190,191,481.90142498732047,442.01379901081043,0.5861003585591145,-0.029499829300757164,-0.14544185542437738,49,0.0,811.7439360297018,6.751245187334366,-2.0734597017498335
191,192,732.2790667160315,441.70103338925196,0.36173414557377387,-0.2121426183285083,-0.11585209428247933,49,0.0,783.6805575094236,1.6816608890751512,-0.5643460594343206
192,193,648.2017792209186,442.6845485510521,0.6000710793259072,0.0733109838297465,0.044186700256476724,49,0.0,787.7211985471668,1.999220507340332,-0.752151744974688
193,194,345.93232635522446,443.96406757023044,0.6071312761912471,0.10368523384534972,-0.1017539987375753,49,0.0,840.3204570481684,12.497218574633823,-2.742033414099729
194,195,706.3983127536778,443.54066486878827,0.5665766246926003,-0.16014370086071714,-0.0840224790764042,49,0.0,1044.045095309359,56.53644205078653,-4.380821185024252
195,196,543.2436360509258,445.2865853092858,0.5641409336592745,0.0103653103001425,-0.09709880723342074,49,0.0,2176.141587970723,299.70838039479986,-6.191747216959815
196,197,130.97516658749166,446.46002029820414,0.5439098839157092,-0.03531430469506937,-0.038160954602083186,49,0.0,2858.6548290300384,453.4030315897605,-6.641211049061066
197,198,175.09363502160332,445.72063784382647,0.5852696625030924,-0.09230694513054508,-0.09739045412165004,49,0.0,847.2083806670794,14.385377885460617,-2.8948031868405915
198,199,585.3519725566522,445.99402870518,0.8184287601027611,-0.23994724410918017,0.03939518890050652,49,0.0,784.8688051024237,1.1485774777311224,-0.15040074004702209
199,200,520.3654270501005,449.4752680270005,0.5305014277801234,0.1201111650151138,-0.06304659204965982,49,0.0,10232.78804878289,2082.941853589546,-8.296692866398805
200,201,182.86950494929292,449.90427708009435,0.5468132677816723,-0.13551848015289933,-0.13132226996050264,49,0.0,802.2387630731765,5.0725427863127495,-1.7630642973616157
201,202,464.52573642979127,449.7826001683299,0.5862085191830525,0.022516780383688983,-0.16334399236137548,49,0.0,815.4769874899567,7.50636370803116,-2.1885740089603587
202,203,510.24779478487756,458.65427881566296,0.626708643260513,-0.014926861812970676,-0.09654032390388326,49,0.0,807.7288341742741,4.689092154838387,-1.6777219200559683
203,204,419.01791026933444,461.16611242968696,0.40289903653856995,0.13656579129963065,-0.05885048105961144,49,0.0,785.5434834494137,1.780177452886344,-0.6261582402779875
204,205,691.7720524314193,461.3399502070013,0.4861147914859133,-0.03347409287687914,0.006402744742437175,49,0.0,784.0461443185862,1.6235772599042222,-0.526182399715984
205,206,13.388625248287738,464.20940400077257,0.558858468517931,-0.0432810311772163,-0.1512042520014299,49,0.0,1096.8438739013727,68.29248845295135,-4.585932344751616
206,207,514.7472906692669,463.6435530709315,0.5955529652584851,-0.20660186476522102,-0.1358059732233512,49,0.0,811.5269610020605,6.034643126639332,-1.9516289803195481
207,208,376.86113646865357,464.9249954440222,0.6079246273706364,0.03304512937604551,-0.1044526963610497,49,0.0,797.9811643272767,3.9471808322719197,-1.49071755798199
208,209,220.3764529574001,466.7948298645023,0.5274845352109933,-0.18380261800880618,-0.06427036355926266,49,0.0,783.8288533673785,1.202900991107065,-0.2005747067839359
209,210,582.8274013824825,467.24904091941363,0.5607403330438133,-0.06788933240380662,-0.08678857892316263,49,0.0,1268.0654106658783,105.3521663972651,-5.056608676502542
210,211,297.9525726948467,468.5904146533852,0.5309196225741833,-0.24801884660403278,0.012333237417733385,49,0.0,784.3423712357087,1.2530822611735368,-0.24494895522096302
211,212,480.2036768647671,468.07261641986173,0.5825457610472006,-0.6670240079295117,-0.04696527074802294,49,0.0,807.3178344675438,5.27077287433909,-1.8046857555125106
212,213,766.6486731600003,472.4312564689735,0.48747219531848496,-0.14629622471624532,-0.11779036459660115,49,0.0,805.0424220453102,6.281863814387473,-1.9952212925483137
213,214,47.72122491401737,474.396075978204,0.5243900595123897,-0.1870691179411889,-0.07725485739140991,49,0.0,822.5733449423655,9.797967190635585,-2.477839952122637
214,215,498.67643870622965,473.9517744375323,0.5901815208945332,-0.04591899709021267,-0.1264764546584181,49,0.0,15690.997923576833,3095.6363070510665,-8.726874829059042
215,216,736.7612390559864,475.0691857688259,0.6420589917902862,0.04794835104527262,-0.004511459261220686,49,0.0,786.873313888613,1.7243650937172943,-0.5915730571442
216,217,486.7377142551249,475.6718020128702,0.5944919225299383,0.04265402961078265,-0.1152089381085083,49,0.0,1578.629529037394,162.62962350419676,-5.527999141469327
217,218,68.89344771117376,476.7320094087385,0.5984298112275064,-0.037868557711455406,-0.13019271921790102,49,0.0,802.757308182749,4.976949656833294,-1.7424081194057275
218,219,475.152789348241,478.27315490004924,0.5713517174371876,0.0010614887539476701,-0.07416185782353696,49,0.0,891.8528427242019,23.582319894957717,-3.43146631572509
219,220,640.8477938320711,477.9610210068275,0.6713580091197393,-0.031659717869062826,-0.18238569559458098,49,0.0,798.5165948231095,3.937291518656825,-1.4879939282995356
220,221,774.1252453082769,478.6554921122223,0.4606596365443151,-0.38297727831853,-0.244015224746209,49,0.0,785.8615971861461,1.8930742770494304,-0.6929191359129896
221,222,464.44619237412917,480.8924035186694,0.5739194445728368,0.08124161808499537,-0.2119850472397529,49,0.0,804.1171669833669,4.908441789298498,-1.727359112327548
222,223,458.8561595426047,483.17379630832494,0.554541687653579,-0.13606616709220493,-0.18380114373252368,49,0.0,830.1579455523063,10.768941409376408,-2.5804325352500648
223,224,507.7418455227987,483.19351689737334,0.5697965416403631,-0.0861036042277821,-0.09687551341147242,49,0.0,1763.3584175482345,208.18666225242958,-5.796132256071269
224,225,262.8075823856897,485.3883113617267,0.5603531024783402,-0.0803630701211333,-0.057721555328046126,49,0.0,958.5885770271251,38.75171360636113,-3.970727279578856
225,226,637.4394634219143,487.10929776603746,0.5488831462396473,-0.11103067256202954,-0.1298517221696373,49,0.0,802.0092113947986,5.300693259025451,-1.8108316829075957
226,227,789.0495761231874,487.2210771376363,0.6716683484839622,-0.12255026871852928,-0.17418969323388508,49,0.0,783.1583302194402,1.0064396124317876,-0.006969304558380698
227,228,395.16160218863956,490.5720915255726,0.5048648554121202,0.10755200691967008,-0.047222984391001206,49,0.0,787.5695909352414,2.129759540046826,-0.820826430749537
228,229,230.61534723454344,492.2422429710693,0.5643982428131102,-0.1335536927339564,-0.12596915170213138,49,0.0,1358.8730347043877,123.84032019653753,-5.232155165586417
229,230,542.4320368977039,491.8851767527941,0.5726546060456896,-0.017423083239236078,-0.18303698735894303,49,0.0,804.5128348816643,5.447587234061702,-1.8405104836969697
230,231,250.29161692286428,494.16849850308967,0.562775801862326,-0.0787819812560338,-0.19253534276073497,49,0.0,800.3015758591647,4.522890706094716,-1.6385402332861643
231,232,59.1676055664821,498.3315813420489,0.6129694428828063,0.011543024033899462,-0.27169990266826016,49,0.0,787.0724592957225,1.795693542530773,-0.6355805522311254
232,233,534.9838055439221,497.8383655301876,0.6063501982870404,-0.03241056592132259,-0.10815623950556102,49,0.0,822.2488639370987,8.812460374444587,-2.3627429429564395
233,234,639.1754139426253,499.1948352125537,0.5524300855061192,-0.259606338822894,-0.09321723297799774,49,0.0,784.9383722517923,1.488497427037851,-0.43187022069463316
234,235,826.4494839432956,498.8956776574669,0.5721573699924382,-0.10488945400689642,-0.15080562360846786,49,0.0,967.1198782283157,40.09298879562218,-4.007671081575647
235,236,479.4020886643477,500.09926036939055,0.5642612476313851,-0.012583140698204825,-0.1455449242150068,49,0.0,12690.550690275484,2549.487658955716,-8.516132285159197
236,237,48.99848334620231,504.2641195193731,0.5729463282807491,-0.1085383857383188,-0.09440322692194275,49,0.0,846.1258278395383,14.275411722351512,-2.886471606859822
237,238,554.607446560714,504.3970651360188,0.5262736500700133,-0.12347905342164996,-0.03917902670218549,49,0.0,811.6293216587982,7.356326501100556,-2.1666524914910608
238,239,465.9175844453991,504.881532307737,0.6334051240235756,0.08298545526680269,-0.27696194236540916,49,0.0,803.3778951007846,3.825637073134876,-1.456759418533631
239,240,644.9837595188525,506.32914818293597,0.4611078759009451,-0.011106856533140263,-0.070568123847967,49,0.0,786.1171918044437,1.9044591859040727,-0.6994291745394355
240,241,755.0621162579566,507.0160478814951,0.7818032322751045,-0.1321427856217378,-0.17621748450089902,49,0.0,788.2294844488501,1.81266527508226,-0.6457940378094191
241,242,461.2942453178161,509.1267769612994,0.5852915950063875,0.023886219275797958,-0.09478608816209691,49,0.0,837.2962080931478,11.927509879923099,-2.691374462426457
242,243,731.8263542015931,509.95324997534817,0.5416543190518214,0.09672995766815237,-0.22770216261331352,49,0.0,783.479166929584,1.2177222592632346,-0.21387061190775766
243,244,343.01663978566836,511.0408832270998,0.49320202286617737,-0.19657851336496562,-0.08123774672461782,49,0.0,782.8325268908318,1.0533043576115082,-0.056384702256699115
244,245,777.6828489711319,511.50175646356564,0.465302132928676,-0.10994014738305469,-0.025339693730693204,49,0.0,783.4059779032964,1.3909789581467615,-0.35830140077114797
245,246,522.9067794565956,512.6716115247635,0.6350606225622373,0.09377058284211334,-0.0187747449146562,49,0.0,805.5205635238839,5.2518750971315935,-1.8007859722985764
246,247,580.9273697956918,516.4625558490329,0.48950914658601724,-0.03027360746981722,-0.07417903364248561,49,0.0,791.213247522877,3.22636936196805,-1.271785212252664
247,248,742.1795205462414,517.9529211468537,0.800061439738328,0.2479791300400001,-0.23052510884304658,49,0.0,783.9625365423519,1.0502509408369793,-0.05323269815093801
248,249,430.75230749816,521.5696310325611,0.435580063936391,-0.23653110488326426,0.28234828859476174,49,0.0,787.9766249471646,2.0856705605959047,-0.7981142777068204
249,250,683.8309766167343,528.1640848921809,0.5709582896023151,-0.047885826560848034,-0.09185347267907634,49,0.0,1065.6586180435208,61.26541063307752,-4.468038371819744
250,251,584.0741387581035,529.991626844647,0.5843052700268252,-0.012667982150593948,-0.09695539758028002,49,0.0,918.0485618979927,29.364099033358002,-3.6695417002585455
251,252,723.4977614006365,530.7271039676394,0.6909345718885233,0.10562607029112094,-0.13320384538410798,49,0.0,784.4426850750359,1.2876230275863823,-0.27447183729137825
252,253,455.2156461502692,532.1493449302147,0.5445570627613433,-0.01722463321672141,-0.10808978595648863,49,0.0,876.2195802000749,21.289823231481975,-3.320430138810619
253,254,808.0818472550226,534.7889899303457,0.5823873199542664,-0.054902452967540254,0.0034024841637234527,49,0.0,838.1568149726124,12.589366591266502,-2.7500097000040036
254,255,37.35406609181992,537.3229028311193,0.5393480646963024,-0.015635319367806953,-0.09971193126616634,49,0.0,963.7736935969358,40.64562258636854,-4.022534450535415
255,256,201.40070769363984,539.1962907420191,0.5750529260462331,-0.16956565751162722,-0.07103693405235348,49,0.0,789.7742384319741,2.428505611902173,-0.9633477784945652
256,257,407.00645511573987,538.9709938426657,0.5415916839551622,0.020923629376575634,-0.20777741965936358,49,0.0,789.453798883835,2.2934701725094864,-0.9012327408312482
257,258,414.12155465712596,539.9367276889593,0.6496771848819847,0.10756120799348406,-0.028186568021480715,49,0.0,799.9503601303065,4.032881001798392,-1.5140385186783747
258,259,333.35182774555824,543.4528037021049,0.3025040331432273,0.23960236397467977,0.015524422066361563,49,0.0,783.2244539593913,1.4007562173987687,-0.36590639701015093
259,260,513.3516883828734,547.1417215423447,0.5377840873130606,0.030029259869154303,-0.11917292069775783,49,0.0,824.825059979613,10.080895324868932,-2.5087477631563537
260,261,179.53344399148105,547.9970766852297,0.5623841825847501,-0.111217322423731,-0.18192570751836834,49,0.0,824.0030790412893,9.525568893975008,-2.4472273060492475
261,262,94.34716701574428,548.6668075587434,0.5756970828169007,-0.14253963362473698,-0.12113649697052137,49,0.0,2043.76686297163,263.7191982363265,-6.052854366810169
262,263,322.18587369614175,548.9998857380054,0.6440835204611653,-0.2695519381674614,-0.23819829993054498,49,0.0,790.2080573191853,2.127389488765027,-0.8196175227539662
263,264,832.4770789595372,553.6384993664595,0.5086384466779166,0.04574399456078901,-0.14981689973058485,49,0.0,803.36540301432,5.906287473043881,-1.9282864532193986
264,265,196.62365492361428,555.017820112157,0.3691798595364886,-0.009037927046849376,-0.28405847894166747,49,0.0,782.5254949228856,1.0692633877712843,-0.0727117414273236
265,266,684.1808014926105,554.5691824776324,0.6040415174345531,-0.02223201564451423,-0.042374542947404004,49,0.0,810.2095304822316,6.478961941213137,-2.0287635720389345
266,267,490.67250113183803,559.2917864856056,0.5314669786957893,-0.11759923151907953,-0.08625656034445807,49,0.0,807.8602644275929,6.384931491288963,-2.0128906043843386
267,268,251.98826676550362,563.8436867703548,0.5907249547013919,-0.07564529400684865,-0.1010730598713828,49,0.0,2413.2176433354743,341.77779395041665,-6.334359605601301
268,269,307.2133328407933,566.6120629679206,0.6063064387447725,-0.04973664127019308,-0.13147825463603555,49,0.0,785.9859073337464,1.313878258357647,-0.29638781531793523
269,270,70.42557097526694,570.497758758476,0.5176343475985389,0.01732338935330785,-0.15259480721097407,49,0.0,790.6797772359137,2.6260260548347203,-1.048247576865383
270,271,91.71684467732187,571.5723857451273,0.5689052448150389,-0.09525903345141301,-0.1474203084500694,49,0.0,789.8245755945533,2.3639212271055237,-0.934082501162439
271,272,486.3981969904691,571.9382674052525,0.5682534655656306,0.16688570270393838,-0.19934377429287714,49,0.0,787.1117959533923,1.7289538367414656,-0.5944584942951394
272,273,77.62170057434834,573.0390030381651,0.5405790236139614,-0.1710631553833266,-0.17778629423212863,49,0.0,818.9373299422417,8.77763767202857,-2.3584441246039196
273,274,769.4049267182502,574.2608679961602,0.5548271167293014,0.0352136147564615,-0.11172858089580671,49,0.0,13399.870932131655,2724.17588012067,-8.588087858413965
274,275,706.7444726857179,579.3616833490383,0.5195010843354907,-0.2506060356749936,-0.10683841305735091,49,0.0,797.2532975931274,4.2051160874906826,-1.559444973854872
275,276,300.02442002946447,582.8060648994699,0.5650243751935008,0.14045689673334297,0.13783250088112484,49,0.0,795.291939795604,3.424003733465076,-1.336335573878441
276,277,741.0965357806493,583.2060806848376,0.5715527446609363,-0.01024682426449549,-0.07534637417771993,49,0.0,2808.200479388875,431.61443952091844,-6.587739913586947
277,278,244.64872582252943,584.9335160995912,0.5632355132972826,-0.05893598126429665,-0.13228667872648237,49,0.0,814.4362372836748,7.695180776493024,-2.2155470670175688
278,279,262.8136853012506,585.2108539733254,0.649989010721706,-0.3392792566311918,-0.06661038532849989,49,0.0,787.5636926332821,1.7053977600835315,-0.5795642205832542
279,280,789.8231234470722,585.3390084839277,0.47562425198025693,0.13290417210563643,0.07050838378379504,49,0.0,785.1256802825606,1.6311172859065701,-0.5312129755477758
280,281,297.34372934923334,588.3495949032472,0.5493837070979979,0.060053529529863627,-0.05605977426969425,49,0.0,815.5073920043702,7.736319612551198,-2.2213360089115195
281,282,27.78942130468822,591.7667660262371,0.5587570262480059,-0.015775538420483383,-0.054437812021303905,49,0.0,792.4311756319983,3.0199273526260773,-1.1999912392363334
282,283,817.0263428147507,591.7432557673284,0.5071995256450049,0.36745131119107555,-0.19790324563684275,49,0.0,781.9565255237674,1.027889613744497,-0.02986619444064134
283,284,758.1556227721394,598.8940463367816,0.5893890886067531,-0.059917526179090554,-0.08781189531980371,49,0.0,828.0827920780654,10.518392331485137,-2.55487341443978
284,285,171.2747385407567,601.3939208552569,0.5059659561606032,-0.030574257191190238,-0.08449672726046052,49,0.0,808.7889036947479,6.795901200544618,-2.080617641071468
285,286,190.0761948602572,602.3278227877247,0.5189913550204266,-0.11601942524498376,-0.11192447090898713,49,0.0,819.7266229492503,9.275639544849348,-2.4183596585811804
286,287,791.3323606359993,601.8392702025474,0.6418590550300924,0.2304039107752792,-0.25794341949736543,49,0.0,790.5616651128113,2.308177731891119,-0.9081731171534729
287,288,184.14771974223146,603.5847619995374,0.8048971811383242,0.3539309439906981,-0.18136923643655872,49,0.0,788.5787202431972,1.4956830357843716,-0.43709891965876574
288,289,226.5131013879049,607.1983774943758,0.5549445909797908,-0.0068558928912198615,-0.012448667732582408,49,0.0,783.3087340633022,1.000746954769558,-0.0008106930987666959
289,290,31.352818306344226,608.1882631813418,0.6236436022964075,0.42937947381708963,-0.2756614478495929,49,0.0,786.5243165674636,1.5900763417411437,-0.5035449397335205
290,291,93.96656209371136,607.777608321583,0.5219880626563177,-0.11388819499686868,-0.06695550466302634,49,0.0,794.8033107705108,3.8818843430726973,-1.4726064796700291
291,292,495.88111692132327,609.4259866572771,0.5097561080616387,-0.033308049922532716,-0.11808022617692239,49,0.0,783.8753781994287,1.2987825659132415,-0.2838411257039467
292,293,622.5135433056199,608.6873329191384,0.2692955050392545,0.0747352166407356,-0.1060820289489847,49,0.0,781.9021443012941,1.3334198416820982,-0.3124172831703039
293,294,160.52640404459672,616.2042992798072,0.5865112620694948,-0.14611810382225984,-0.17086806850493347,49,0.0,818.8758367857642,8.386262552863146,-2.308921137380515
294,295,683.3760207503693,622.7942127996733,0.6404001667336315,0.5143730704552267,-0.23684974784275645,49,0.0,791.7295061221236,2.5847044814829867,-1.0310272395634301
295,296,830.2788599855228,623.0222217078925,0.5096435143423174,-0.06848831786106947,-0.08546843798402066,49,0.0,788.2450827960879,2.4291433309432673,-0.963632852473152
296,297,675.8126938137736,624.356387754341,0.5386012454834597,-0.09164689153050606,-0.06960291020802152,49,0.0,992.1164792378735,47.144964311886135,-4.18358827829553
297,298,812.5495219719189,624.6735094094157,0.3658493838418192,-0.01281348484643664,-0.40190915556187734,49,0.0,781.5574052139837,1.1402517333748083,-0.1425018527857113
298,299,449.32541926144665,626.4137821994918,0.5694678106731081,0.005951753378360606,-0.042844027618423444,49,0.0,801.2797792808985,4.838734566523111,-1.711829497792709
299,300,49.882428927949505,627.0097638406901,0.5783670731149679,-0.14539489016823134,-0.18136501222167017,49,0.0,808.9255685426591,6.383460117108296,-2.0126403733020277
300,301,510.3248012978543,627.4941231307762,0.5693216875337251,-0.15276249284519686,-0.10877171526807498,49,0.0,784.8447564987378,1.3347557627255406,-0.3135045114339696
301,302,192.67087736386756,627.686139964969,0.4769833046576867,0.22252951850867803,-0.21378397024902207,49,0.0,784.434439594681,1.4660193960742844,-0.41534929062005127
302,303,214.77228981520506,627.9892428922584,0.5774214696962588,-0.11996469113814014,-0.12004204819269791,49,0.0,816.5250048560006,7.956541303689756,-2.251810804032136
303,304,20.910329110017596,630.5298715608991,0.5774926064219943,-0.06859878367947879,-0.10727501592838058,49,0.0,811.8089744607355,6.954422148779963,-2.1056526244534783
304,305,71.07957722987194,630.9755830770576,0.5912624619355513,0.03686692225214015,-0.23606195809257216,49,0.0,798.3713098641146,3.9006939256386626,-1.4778546850455712
305,306,622.834581445688,632.3213615796814,0.4452210615385982,0.17621424443550715,0.12579846081958593,49,0.0,784.7096544161284,1.6356632863275102,-0.5342347643216273
306,307,108.46341567852117,633.8010782564642,0.5095853512180561,-0.2240327479419339,-0.15478867836500268,49,0.0,812.7850986878277,7.844553574798367,-2.236420583472685
307,308,482.48760017507186,633.951074462905,0.5419231595872762,-0.10647225626472881,-0.08560162154513373,49,0.0,834.1940726014943,11.959090131689557,-2.6942453475803987
308,309,507.24159385488275,638.7603280526912,0.40749213055037453,-0.04620630749096542,0.03381292054114349,49,0.0,782.8192968445861,1.0985397165166109,-0.10203940747040188
309,310,141.4956399254764,641.7304487280086,0.8014226669523474,-0.3587190685588698,-0.15803826147544514,49,0.0,786.982448652597,1.562817025699914,-0.48477033471442116
310,311,604.557729535775,642.6065284079149,0.5722953952856875,0.06037675899942926,-0.12468025685828729,49,0.0,821.2467964640032,9.033568956534147,-2.389648410088345
311,312,31.997225088089586,644.1819610453078,0.6471011466561809,0.036484886827952916,0.3258113596501738,49,0.0,785.4910330499295,1.2800723123056155,-0.26808625995608437
312,313,433.00071706618917,643.6644636487414,0.5379003090934219,-0.1930832264787257,-0.11700576834284102,49,0.0,788.2310066128999,2.0464527962548313,-0.7775043290101697
313,314,13.361434567966107,644.9829252309398,0.5772022759252107,-0.14499402149832,-0.15821349448016467,49,0.0,853.7688299203193,15.83288198542617,-2.9988999366262608
314,315,526.1630807060222,647.4453711444193,0.36796883183480605,-0.038338995138411325,-0.057927341725878684,49,0.0,782.1902786702104,1.0861613141166704,-0.0897358260879948
315,316,351.1903485940853,648.8949626710066,0.7086157223053731,0.2889677099555777,-0.12294507557952151,49,0.0,784.7898474063297,1.1195974390412602,-0.12265474098334445
316,317,519.2147893086325,655.5206249560555,0.6399725785961051,-0.3329005716613315,-0.13211582973902777,49,0.0,798.253233393323,3.9295036488120063,-1.4858442409539987
317,318,827.4186892701996,661.77724972014,0.47292026372996726,-0.13551093525331867,-0.28296213091894545,49,0.0,785.1553557494021,1.7622532182613069,-0.615170780894292
318,319,71.29455943520925,666.8616828201674,0.5768426885030972,-0.16240701810523048,-0.1366289336679097,49,0.0,997.7312088243293,46.193160194867986,-4.161444186209851
319,320,668.0977506279437,668.7196716245139,0.5915629480153967,-0.09542763099585658,-0.08105075671872457,49,0.0,1013.0720005829625,49.24078767628055,-4.230812478678564
320,321,704.9795994628126,668.9595384273152,0.5832621741285239,-0.08194907603757065,-0.10822383719435107,49,0.0,936.6835878251723,33.57509021139849,-3.815042970571535
321,322,31.992016713262892,674.4310749673821,0.5483854936308051,0.17546647771810556,-0.021544091886022982,49,0.0,784.9684660190009,1.3646229507065313,-0.3375316778048755
322,323,182.38577233863293,676.0223413950939,0.450692959660609,-0.08564569687152154,-0.23595554027949792,49,0.0,790.4906569000525,2.823675833764314,-1.127037092415197
323,324,120.77495345663645,679.0677208470266,0.7146816284094474,-0.04785921446624474,-0.10140323566233891,49,0.0,794.8938087421546,2.8633236109169076,-1.1421760861675063
324,325,321.31655310925476,679.4438565011253,0.5116449729367945,0.055115496402753913,-0.08400668261133484,49,0.0,791.0681376292129,2.6484479867609103,-1.0574786204637912
325,326,469.4033394164023,679.9197957032031,0.6015727090154113,-0.1605957979735448,-0.2622927938967674,49,0.0,795.8287265841218,3.485602635106809,-1.355694688133389
326,327,236.15943565767353,681.9716576621338,0.45112055260108574,-0.16964943997429185,-0.23958712096898735,49,0.0,787.4809783198648,2.3673560636109925,-0.9356589579107746
327,328,199.42759439872944,683.9132202419514,0.5715486900652442,-0.1741976355516249,-0.16877129527432597,49,0.0,826.0311640676229,10.054656781051257,-2.505918126009284
328,329,180.55162675597856,687.2917233036503,0.5680027662051182,-0.23067856686806817,-0.1795509621895766,49,0.0,806.3822924056209,5.872781124133337,-1.922109537969623
329,330,464.20192246328224,686.8713370329942,0.6199392391771558,-0.06622062134177249,-0.1573552563405473,49,0.0,797.6776123990852,3.7498333664133985,-1.435029922882585
330,331,407.5910222827351,687.7326044618253,0.5834261168140928,0.00828934154917267,-0.10290009411292886,49,0.0,802.3047384539765,5.039106369932418,-1.7558838148153566
331,332,620.844022226522,689.1129588314769,0.6603894750139514,-0.02503230785286661,-0.04108959712565768,49,0.0,786.918452794468,1.6617489337158602,-0.5514135219380476
332,333,80.78044463008641,700.21949282243,0.5624970054769549,-0.14585094290907283,-0.09982094079333458,49,0.0,1018.9734830480902,51.338849266840555,-4.276115324908383
333,334,491.83814404646284,699.3499782121241,0.3834452661602627,-0.6244209860553392,-0.0394041137460881,49,0.0,783.705980658021,1.3844617512159079,-0.3532024047808531
334,335,567.5787989643916,700.0073022732774,0.5744959216390996,-0.12587797287361666,-0.13466309872161664,49,0.0,833.7583262698793,11.770545056493772,-2.676991435262097
335,336,722.4400457700441,700.866862737374,0.5696275958117035,0.0012212221456971292,-0.23635865031522743,49,0.0,784.1734788652357,1.266641161250766,-0.25663399229634265
336,337,499.00614100138085,704.6706038632016,0.5778155069896986,-0.06437932603603383,-0.06600748742588756,49,0.0,855.6427222559927,16.27513873918375,-3.028811748615951
337,338,52.883198458905426,708.0848764314967,0.591775892776094,-0.17513228997526364,-0.1399389816892736,49,0.0,868.8919800485762,18.72368489892808,-3.180978309427303
338,339,39.95782071793689,709.1843736072984,0.6071997783184689,-0.2038494086004158,-0.09315378062143606,49,0.0,809.178227524716,6.18310226751293,-1.97801607429718
339,340,98.94571926427783,711.1517849748244,0.56653507331396,-0.20267010105495847,-0.07798345515896828,49,0.0,792.9426263548211,2.9778234459353103,-1.184747362545542
340,341,580.3595663233292,711.4668511016289,0.5012074971445853,-0.18063989745649792,-0.07263070389889374,49,0.0,798.6066187321794,4.5972260252965045,-1.6562396415412723
341,342,118.48946212195689,713.068570777141,0.5206088837907935,-0.15543563538266145,-0.1972042017315491,49,0.0,807.8379401290055,6.497658678500572,-2.0318922353828865
342,343,234.63741757764066,719.1067521505278,0.45263460919511334,-0.2271058767615672,-0.34356473886544975,49,0.0,785.313037633395,1.623468789816925,-0.5261098599988675
343,344,503.17976096802107,721.4718905759054,0.5733858461915231,-0.45169196071713424,-0.3727881100809425,49,0.0,806.4249083152281,5.3392142219923615,-1.8186933653414186
344,345,686.426459134845,723.719882493261,0.5588227693434427,-0.17876259421554908,-0.06565040589199746,49,0.0,783.2929266891673,1.0580257439513912,-0.061240587773457714
345,346,48.30148701004089,731.1827827799576,0.617678171579516,-0.3206121563356673,-0.24572389670848063,49,0.0,788.089261943191,1.810990302926908,-0.644790312150953
346,347,177.87190269311515,730.7710993461802,0.21914826852017028,0.08577988459514743,-0.14476993895089046,49,0.0,779.2761414980497,2.2315261402548083,-0.8715049464064459
347,348,67.81171551357882,732.1909090248537,0.6454738777927455,-0.15647089868148442,-0.15608796549583273,49,0.0,793.2636306243724,2.764307983199283,-1.1039660699397038
348,349,259.6116784850073,734.4044592888009,0.5465448609674727,-0.10790793110335309,-0.1300357939566422,49,0.0,791.7908461972903,2.828290123073731,-1.1288098922210632
349,350,595.7682418991299,740.4457150052074,0.5537191860376751,-0.1307225798033131,-0.05930144033313,49,0.0,862.1737668718882,18.146180479089118,-3.1469630649703006
350,351,46.65218436133825,742.2364490737285,0.6364095894080387,-0.13464780826367992,-0.185843146125722,49,0.0,789.1615209270329,2.026379039938602,-0.766801711589466
351,352,822.227464283101,742.3468449390125,0.5547419477891768,-0.03072158370298248,-0.09327071952498524,49,0.0,823.7526593860891,10.006247021216298,-2.5006780499430676
352,353,286.210687091487,742.7810475398296,0.5760077844723059,-0.1014836202948603,-0.0984910982541476,49,0.0,805.3881238223772,5.53418660693825,-1.8576344975098122
353,354,637.6145629139277,743.4408904781329,0.5454208241892503,-0.18140656693484303,-0.06403667513365753,49,0.0,844.6903509269648,14.45744725905198,-2.900229041667081
354,355,502.2196476806556,745.5531638265503,0.36156201708626273,0.09799370385421977,0.10970774131990067,49,0.0,782.7837482919073,1.1372298423278424,-0.13962061899047942
355,356,169.3612523903112,749.1518474891129,0.4995751770143891,-0.009285897399476247,-0.19197744806598452,49,0.0,788.2716798245619,2.1932157072258476,-0.852703368809527
356,357,15.38731619985764,754.7439860355415,0.3824529477493268,-0.4298058962660399,-0.1403951582425568,49,0.0,784.3673759835146,1.5634096780168476,-0.4851819901354895
357,358,747.6142903270968,756.9026042024401,0.6555629857076102,0.12452983953143548,-0.01834894473363619,49,0.0,783.0448182772222,1.0084951292694442,-0.009184512602720562
358,359,422.372230585729,758.2612936591081,0.6108467574399481,-0.10839423674148052,-0.09278270832655182,49,0.0,795.8091942270146,3.5347122585542836,-1.3708851651284144
359,360,165.23117830952566,758.5990775091599,0.6203591688789633,-0.14692077344879728,-0.06709793804860202,49,0.0,818.9403733484485,8.016774578182465,-2.2599991798591783
360,361,257.82846601981515,762.6554456751117,0.4564798220631887,0.11184622652769846,-0.2952611535982072,49,0.0,782.7594219177495,1.1418502942247806,-0.14402292033940003
361,362,430.17050596439583,762.9079618878781,0.7692105692124512,-0.06008370915879927,0.12543443828171771,49,0.0,786.1961882148639,1.3416022546259976,-0.31905944862761415
362,363,249.54619677363277,766.3293714966126,0.5101626403789059,-0.36786295015841075,-0.2720302724561106,49,0.0,789.7082247978487,2.6156204012940183,-1.0439367902759658
363,364,480.20714312906495,767.2888225183616,0.5512535192837102,-0.03439579971400305,-0.08862244072836568,49,0.0,1394.6211027538795,133.74983508003965,-5.315733137969185
364,365,147.97285702994907,769.4787062850397,0.5432927534689477,-0.023550351291598572,-0.005809538527028597,49,0.0,811.1248869271477,7.0710117226629,-2.1237038930970926
365,366,366.707181473888,774.698854546021,0.3996328014919095,0.28587573069334554,0.004658694570028425,49,0.0,785.5881653424098,1.7313799069678624,-0.595980932826665
366,367,360.235984689387,776.413664706351,0.5969950655307884,-0.035384150631245885,-0.07378347633775066,49,0.0,807.0042282669353,5.6900908286980405,-1.8877979973090846
367,368,82.12714868656492,778.2228361958796,0.535880674498364,-0.16496394832004388,-0.13762528704668425,49,0.0,836.8391851083112,12.735743820591162,-2.7625607866265334
368,369,845.0605747372422,780.5927437903025,0.5934546811951892,-0.1759280159072515,-0.03658381936698695,49,0.0,1632.977484226801,176.64398057309018,-5.617747106855235
369,370,597.4342359772422,782.3640323577738,0.5563929176482819,0.05510039444111363,-0.4373227382695606,49,0.0,784.6348349165688,1.347949497912327,-0.32418405321920757
370,371,11.150770901014738,787.6142663860451,0.5195479376506242,-0.16532839367216715,-0.03799932967978897,49,0.0,795.5571699116799,3.6508121512629823,-1.405973718385868
371,372,203.81534082190768,791.1432150895084,0.5680427559009331,-0.3558515681114851,-0.2575199201432299,49,0.0,785.9337015203015,1.3982310255957415,-0.3639473363426072
372,373,2.1873736234428955,796.8122555110605,0.4080436788646566,-0.1621475358411634,1.8418572660834038e-06,49,0.0,778.6534633912225,154.81000147430316,-5.474497536939365
373,374,846.8142428507778,796.8143991233983,0.40763586888321207,0.162305770487148,-0.00016791887625108582,49,0.0,777.730554284749,154.8408729608984,-5.474714027791286
