,RA_ICRS,DE_ICRS,e_RA_ICRS,e_DE_ICRS,mem_prob
0,106.00838006032,0.88175665599,0.2498,0.2384,1.0
9,105.99593256885,0.89312237738,0.3791,0.4108,0.9175809173101959
10,105.99924404815,0.89111922039,0.1975,0.1847,1.0
11,105.99623721742,0.8869483359,0.2556,0.2401,1.0
13,106.00185668081,0.88465477235,0.4064,0.4229,1.0
14,106.00753279517,0.88429257661,0.1515,0.1426,1.0
15,105.98941428166,0.88650469018,0.0581,0.0553,1.0
23,106.10810230019,0.90334583296,0.1356,0.1261,1.0
25,106.09653910941,0.89671188961,0.0797,0.0743,1.0
29,106.09993085866,0.9080952907,0.064,0.0591,0.8564528108704602
34,106.1069439172,0.90882077973,0.1587,0.1387,0.7949946482966191
39,106.10821366917,0.89797229846,0.056,0.0517,1.0
40,106.10267452347,0.90293251331,0.0577,0.0493,1.0
44,106.12608477444,0.92183946278,0.0828,0.072,1.0
45,106.12130022777,0.90530156203,0.1571,0.1473,1.0
47,106.11102913139,0.91471004319,0.0261,0.0242,1.0
55,106.12631146502,0.92444077395,0.1397,0.1285,0.8744100443048864
57,106.12542199522,0.92370764079,0.0609,0.0561,0.7383918486887336
60,106.12103412543,0.92017072952,0.1583,0.1398,1.0
73,106.11565390724,0.91011959057,0.1873,0.1726,1.0
75,106.13526118983,0.91712003328,0.3187,0.288,1.0
86,106.03944476919,0.88896881378,0.1929,0.1834,0.8084900256026522
87,106.0367188194,0.88905113251,0.1252,0.1184,1.0
88,106.04139361817,0.88144522009,0.1528,0.1475,0.9005380819347979
94,106.03933936925,0.88631791531,0.0389,0.0373,1.0
95,106.04416605549,0.88183408532,0.0611,0.0589,1.0
96,106.04726804102,0.88268879847,0.1103,0.1019,0.8759944666412672
97,106.03710452063,0.8894750066,0.3653,0.3637,0.8319822978336123
106,106.05447997918,0.89708435081,0.713,0.725,0.9776267468366919
107,106.04512105512,0.89662173731,0.2001,0.1847,0.9050471107913193
110,106.07088098201,0.88655567359,0.1205,0.1106,0.8471543999581848
119,106.05111853149,0.89909071244,0.2292,0.2088,1.0
125,106.06783949421,0.90004931846,0.0615,0.0591,0.7420244986010132
126,106.0480020669,0.90158859677,0.0322,0.0297,1.0
127,106.06205143798,0.90896516289,0.2045,0.1781,1.0
133,106.0653611148,0.90752486106,0.2143,0.1992,0.7987606423983993
143,106.07029175447,0.88519407486,0.0681,0.0631,1.0
144,106.05792522847,0.89521066398,0.1394,0.1306,1.0
147,106.05127323393,0.90352076838,0.1428,0.1307,0.8897086544472763
150,106.00884146681,0.90587388112,0.0651,0.0611,0.7479166988731726
154,106.01432282082,0.90548994869,0.236,0.219,1.0
156,106.00865690598,0.90124520828,0.1274,0.119,1.0
163,106.00703067739,0.89624188804,0.0272,0.0275,1.0
165,106.01721600582,0.89598256639,0.1249,0.1171,1.0
172,106.02177682264,0.89986727335,0.1273,0.1219,1.0
173,106.00546700099,0.89027463595,0.1678,0.1611,0.7524039790216623
174,106.00228357603,0.89082023444,0.229,0.2196,0.8554416156483441
179,106.0153663832,0.88620187783,0.1171,0.1159,0.8415892987830005
183,106.01233434623,0.89369932094,0.0344,0.0326,0.7798869866276721
195,106.01032851582,0.89976913769,0.1282,0.1199,1.0
208,106.04553487914,0.92334882817,0.0969,0.0925,0.7922109583842243
213,106.03388286326,0.92160620917,0.1527,0.1436,0.7752812750858986
224,106.04056068377,0.91333134174,0.222,0.2127,0.8181480236592544
231,106.03016697089,0.90477004607,0.0475,0.0453,0.8343992335706434
233,106.02950319065,0.9107680855,0.2297,0.2173,0.7567205855969826
238,106.05117589014,0.91691909821,0.0323,0.0314,1.0
239,106.03195329942,0.91193841611,0.1877,0.1804,1.0
251,106.09319933888,0.90409904652,0.0443,0.0413,1.0
253,106.08115050584,0.92256183734,0.6136,0.6272,0.9605936909525649
256,106.09502062449,0.91352642597,0.3076,0.2627,1.0
257,106.08646852738,0.91323179062,0.1124,0.1039,1.0
262,106.07307247279,0.91432267824,0.1533,0.1436,0.9884924738551946
270,106.09641239776,0.90688653404,0.1218,0.1113,1.0
271,106.09593454687,0.90832113615,0.4363,0.4618,1.0
280,106.09138988594,0.90337275531,0.3337,0.3523,0.9537307788764616
290,106.09523779572,0.92843941377,0.5019,0.5124,0.8519911580276258
294,106.11908505002,0.93480737799,0.1869,0.1737,0.8858428962638294
295,106.08941509226,0.9353151934,0.0885,0.0812,1.0
297,106.09208613929,0.93780322093,0.2111,0.1943,0.7730255249718747
300,106.08569478227,0.93137524553,0.0558,0.0514,0.8202833464246254
301,106.1263396287,0.93142396953,0.145,0.12,1.0
304,106.10693099931,0.93540426842,0.0794,0.0733,1.0
309,106.10613724587,0.92291272655,0.4387,0.4417,1.0
319,106.10631224123,0.93727359667,0.2927,0.3007,0.8866192187392438
324,106.09807532765,0.94333017431,0.0311,0.0287,1.0
328,106.11286567439,0.94402984549,0.2321,0.2135,1.0
333,106.06320523989,0.93406689174,0.6788,0.6764,0.8330628844355006
337,106.0510760472,0.93874150991,0.042,0.0404,1.0
343,106.07166119818,0.93051039135,0.4795,0.4846,0.9005380819347979
345,106.07907520464,0.93589150707,0.0986,0.0904,0.9597335414391006
349,106.07420642297,0.93260307513,0.1191,0.1091,1.0
350,106.05770586192,0.92470053234,0.2207,0.2121,0.9482765005363719
353,106.06684499174,0.92656231747,0.1653,0.1523,1.0
358,106.0438401726,0.93288736125,0.1392,0.1314,1.0
360,106.06187969405,0.92020189922,0.2827,0.2626,0.9905486764720223
361,106.05289428578,0.93869330202,0.1047,0.0819,0.8185774637644468
364,106.06269349382,0.92049162621,0.0995,0.0918,1.0
365,106.06822415621,0.94406151692,0.1372,0.1285,1.0
368,106.07497285277,0.92573399633,0.0658,0.0613,1.0
372,106.05275073673,0.93903116814,0.1183,0.115,0.7839633445468265
378,106.07829117242,0.94234347589,0.0751,0.0688,1.0
379,106.09075853083,0.93911863994,0.0828,0.0763,1.0
381,106.079592546,0.95252595619,0.1201,0.1131,1.0
382,106.08632791538,0.96535747601,0.1694,0.1569,1.0
384,106.08685281171,0.93963828112,0.0373,0.0347,1.0
388,106.07759298272,0.9628779355,0.0901,0.0913,1.0
393,106.10078914369,0.94990109132,0.0971,0.083,1.0
410,106.07130477405,0.95716983055,0.2678,0.252,1.0
412,106.09141564673,0.95190929546,0.1906,0.1736,1.0
416,106.08188433281,0.9539063609,0.249,0.2334,0.9152485278150533
421,106.07777348651,0.94860197647,0.7322,0.7973,0.7403287760215518
424,106.08196361266,0.94753203845,0.1233,0.1125,1.0
426,106.06470504821,0.94926293449,0.1143,0.1076,1.0
431,106.07562348277,0.94253427534,0.2357,0.2211,1.0
437,105.97812917954,0.90225913925,0.265,0.2492,1.0
439,105.98275025187,0.9014404139,0.1398,0.1305,1.0
453,105.98939182761,0.90037283029,0.2004,0.1914,0.9901809277081202
456,105.96760897615,0.8963640573,0.149,0.1398,1.0
459,105.98233438026,0.88890376439,0.2164,0.1992,0.8824487419176564
460,105.98936669011,0.89394168255,0.2125,0.204,1.0
462,105.98400419797,0.89433183274,0.148,0.1384,0.737381741785191
464,105.97949628446,0.90072067568,0.2003,0.1904,0.7556772600679691
465,105.98257923339,0.89293472197,0.1343,0.1254,0.7749889759049572
466,105.97124008118,0.89777855416,0.1301,0.1239,0.8490713194312267
467,105.97263958667,0.89413193649,0.0594,0.0552,1.0
472,105.9828652062,0.88804015072,0.1606,0.1482,1.0
475,105.97161412684,0.89778001654,0.3377,0.3251,1.0
477,105.97395757207,0.91046987193,0.0805,0.0763,1.0
480,105.95262729416,0.90695907694,0.1799,0.1684,1.0
483,105.96109499517,0.90515073619,0.1625,0.1532,1.0
485,105.9504015307,0.91210876538,0.2499,0.2426,1.0
488,105.94668303105,0.90383940948,0.2019,0.1904,1.0
500,105.94695002037,0.92668562917,0.0862,0.0805,1.0
501,105.95790818721,0.92580746858,0.1474,0.1267,1.0
509,105.93370313019,0.91291636493,0.1036,0.0877,0.739751339537913
514,105.95859288191,0.92093399274,0.1044,0.1006,1.0
519,105.96916200981,0.90985647286,0.1746,0.1591,1.0
522,105.92589710781,0.94127975333,0.16,0.1501,0.9940117777995752
529,105.9207856274,0.9235341838,0.0722,0.0679,0.7378846900668093
532,105.92662748889,0.92906290699,0.1687,0.1588,0.9690862588446146
535,105.93953301252,0.9224827133,0.2311,0.2156,0.9272163136587785
541,105.92911064832,0.94623920335,0.1506,0.1399,1.0
543,105.93851854878,0.93774209759,0.0533,0.0498,1.0
545,105.9267345027,0.94119469293,0.0351,0.0329,1.0
546,105.92762318514,0.93963991622,0.1854,0.1717,0.9185595397154316
550,105.92597135173,0.93458619095,0.2274,0.189,0.7489916197966751
561,105.93299471744,0.92228247929,0.3212,0.2692,0.8554416156483441
569,105.91164505056,0.96134963733,1.1476,1.0807,0.7617160314755345
577,105.90743168753,0.95359290781,0.1438,0.1324,1.0
578,105.91541181205,0.94975003081,0.0349,0.0287,1.0
579,105.92047534062,0.95258671007,0.1523,0.1412,1.0
593,105.90529349344,0.95094305636,0.2108,0.2072,0.9449074550257553
599,105.91967718942,0.95853944033,0.0784,0.073,1.0
603,105.90980940564,0.95748517113,0.0615,0.0506,0.9104382615431954
612,105.98160324744,0.91558216678,0.1616,0.152,0.9045743428732508
615,105.99159772747,0.90467459627,0.0677,0.0636,0.8599465991452919
616,105.9884352499,0.90901487148,0.2358,0.2213,0.8572456481620013
617,105.99660491749,0.90715785432,0.2376,0.233,0.9582094759982512
630,105.99667387215,0.9002215678,0.1856,0.1772,1.0
639,105.98901532387,0.91539907338,0.1363,0.1357,1.0
644,105.99676905305,0.90945462324,0.3211,0.2925,0.8254324046871221
650,106.00475810798,0.92499887298,0.1744,0.1645,1.0
654,105.9908653235,0.92209309785,0.2384,0.2212,1.0
655,105.98992135062,0.9156554424,0.1674,0.1649,0.9696262321707955
656,106.00357793377,0.92499577077,0.2051,0.19,0.8084900256026522
658,105.98154848772,0.90893403545,0.1235,0.1162,1.0
660,106.00249612215,0.91479346593,0.4282,0.3967,0.9891087309115197
661,106.00595569306,0.91530059148,0.2479,0.2309,1.0
665,106.02181389846,0.93704466592,0.0974,0.0917,1.0
666,106.02259067618,0.94041367653,0.1354,0.1286,1.0
667,106.02222327505,0.9357479243,0.1905,0.1747,0.9005380819347979
674,106.0069713022,0.92589850839,0.0435,0.0438,0.8926952536855276
686,106.02320554679,0.92119215389,0.155,0.1437,1.0
687,106.02089582093,0.93881207619,0.1991,0.1922,0.7617160314755345
701,106.01068546136,0.93993927756,0.1242,0.1148,1.0
703,106.00542644384,0.93784724726,0.1534,0.1437,0.7632612362281589
705,106.01266247626,0.92161336416,0.1776,0.1773,1.0
706,106.01254911766,0.91994180617,0.1578,0.1544,1.0
708,106.02220112182,0.94593131528,0.0261,0.0251,0.8830271222505853
709,106.01886558592,0.91796611783,0.1169,0.1093,1.0
715,106.02947606799,0.94095550126,0.3142,0.2883,1.0
716,106.01884854401,0.93219251215,0.1886,0.1725,0.7532422044534369
717,106.02540059666,0.94293713364,0.1764,0.1683,1.0
723,105.95988919529,0.93505916317,0.2236,0.207,1.0
726,105.99141062718,0.9287827299,0.0944,0.0904,1.0
735,105.98673898865,0.9281191021,0.0386,0.0364,0.7975742999342542
736,105.97317317156,0.93302254182,0.0611,0.0524,1.0
738,105.97899812911,0.94054307573,0.1223,0.1033,1.0
743,105.96228025964,0.93021648849,0.1814,0.1799,1.0
744,105.98591182882,0.93559829492,0.0455,0.0427,1.0
745,105.98637845374,0.92566404392,0.1076,0.0973,0.8423030864536735
747,105.98536545257,0.92643514735,0.0255,0.0243,1.0
750,105.96312694728,0.9242795956,0.2025,0.19,1.0
751,105.97964482012,0.9242004721,0.074,0.0736,1.0
753,105.96691415117,0.92693453532,0.1092,0.1026,1.0
755,105.96931494075,0.9194988797,0.1186,0.1118,0.9665637846696729
758,105.96557593367,0.92227083649,0.1568,0.145,1.0
761,105.97750008074,0.92098662669,0.2833,0.2678,1.0
763,105.99719113671,0.93883308723,0.2461,0.2473,1.0
765,105.99871666384,0.96743994643,0.0531,0.0504,0.9350086329381021
766,105.99362922338,0.94195230451,0.0806,0.0773,0.8016678184260045
771,105.99564221512,0.93318025388,0.033,0.0334,1.0
775,106.0130740004,0.9551939518,0.062,0.0576,1.0
778,105.98699758696,0.94941999237,0.1335,0.1287,1.0
779,106.00723311071,0.95101122406,0.0397,0.0377,1.0
787,105.99393698182,0.94083528019,0.1142,0.101,1.0
788,106.01331913304,0.94722755072,0.1261,0.1185,0.8599465991452919
789,106.00537844457,0.94503455358,0.4661,0.4121,1.0
792,106.00997680366,0.95503121963,0.2728,0.2513,1.0
804,105.99062724428,0.94988600739,0.2064,0.19,1.0
810,106.00603901771,0.94580939683,0.1418,0.1314,0.7714257082737843
811,105.99885845963,0.96312032504,0.0447,0.0419,1.0
814,106.01212522115,0.94740679432,0.0368,0.0345,1.0
821,106.04043944779,0.93444876871,0.0922,0.0886,0.9728828876455179
827,106.04447186141,0.94278848507,0.1564,0.1476,0.9867959105346509
828,106.03221871587,0.94253301261,0.0892,0.0849,0.744154300340454
829,106.04744836043,0.96279724015,0.0714,0.0678,1.0
834,106.02553630134,0.9570016262,0.083,0.0784,0.8153648330368113
835,106.03894727618,0.95319341506,0.174,0.1646,1.0
839,106.04096372765,0.95490992754,0.181,0.1719,1.0
841,106.03515004322,0.95016232538,0.2524,0.2337,0.9930009306114786
847,106.03283472221,0.94493907437,0.04,0.0397,1.0
849,106.04851397281,0.94594187772,0.1061,0.0921,1.0
852,106.0369407175,0.94618125472,0.5594,0.5759,1.0
853,106.0444272008,0.94530589652,0.1087,0.1031,1.0
855,106.04692707025,0.94152991284,0.147,0.1381,0.9093444060291713
859,106.03577506931,0.95125215759,0.0993,0.0942,1.0
862,106.03516831446,0.94300746964,0.0707,0.0689,1.0
863,106.0573212117,0.97255598228,0.4366,0.4638,0.8455894191955231
868,106.08191449697,0.96905571908,0.4436,0.4723,0.9095970932464413
869,106.06886627213,0.96862342607,0.097,0.0928,1.0
870,106.07799636447,0.96933113275,0.3173,0.3154,1.0
875,106.044879944,0.96970511684,0.0282,0.027,1.0
876,106.050019069,0.97409515763,0.0886,0.0839,1.0
881,106.0740117313,0.97810932299,0.0403,0.0389,1.0
887,106.05609074361,0.97111859682,0.1409,0.1321,1.0
899,106.05316171135,0.98056510864,0.1185,0.105,0.8947769716849785
900,106.06043219642,0.98050541152,0.0638,0.0622,1.0
902,106.05615420538,0.97640699742,0.1916,0.1781,1.0
903,106.05473633889,0.97791673654,0.6558,0.6779,1.0
906,106.06120207157,0.97336687676,0.0684,0.0656,1.0
913,106.07487792744,0.97464530841,0.1051,0.0994,1.0
915,106.00822086302,0.97046861089,0.1714,0.1445,1.0
917,106.01997027557,0.97302101052,0.0304,0.0251,0.7820655502801015
919,106.03362181417,0.96605773057,0.0796,0.0757,1.0
920,106.00131351403,0.97135438367,0.0414,0.0393,1.0
921,106.00703502841,0.96799247118,0.2068,0.1919,1.0
924,106.02468745378,0.96781457207,0.078,0.0722,1.0
926,106.0050839488,0.96550246496,0.1336,0.1184,1.0
928,106.02180830599,0.9835085155,0.6193,0.4779,0.9672303200323933
929,106.01846612546,0.96626517963,0.2839,0.2407,0.8461984877197316
931,106.02297675005,0.96701495078,0.031,0.0284,1.0
934,106.02074691249,0.97473476563,0.0307,0.0289,1.0
937,106.0261180718,0.97023604871,1.6523,1.5664,0.8513911039442947
943,106.02896506602,0.96096167988,0.0972,0.0937,0.7600874666753595
944,106.00321601547,0.96572701398,0.086,0.0801,1.0
951,106.00711879972,0.97713018815,0.7822,0.7999,0.9498798505634187
952,106.02792166432,0.9729643496,0.2503,0.2173,1.0
955,106.01718965795,0.95396370725,0.0958,0.092,1.0
957,106.00312070991,0.97378446451,0.1198,0.1118,0.8576691277183301
958,106.00220961326,0.97322139859,0.5032,0.521,0.7999315580705567
960,106.01290471593,0.97921742132,0.1218,0.1125,0.9611132771532599
962,106.01551093402,0.98056544004,0.1269,0.118,1.0
963,106.00505051902,0.96914530494,0.06,0.0528,1.0
964,106.02336985734,0.97517360105,0.1308,0.1235,0.9678606917999167
970,106.02327853304,0.97830251607,0.184,0.171,1.0
971,106.03451602776,0.96914944403,0.327,0.286,1.0
972,106.00586963909,0.97490747582,0.0538,0.0535,1.0
973,106.01822560462,0.98326070702,0.1901,0.1744,1.0
975,106.03177613613,0.99163300885,0.0988,0.0918,1.0
976,106.03400147718,0.98889235787,0.0714,0.0626,1.0
983,106.04259613326,0.99419766349,0.0864,0.0762,1.0
986,106.04446742222,1.00114123759,0.0687,0.067,1.0
987,106.05296395978,0.9907912862,0.1465,0.1282,1.0
988,106.02756898951,0.98440438889,0.0539,0.0476,1.0
989,106.0584077759,0.98582010773,0.0693,0.0617,1.0
992,106.03047622396,0.97819191596,0.3167,0.2909,0.8506357198995325
994,106.04727277967,0.99185462364,0.0862,0.0801,1.0
996,106.03964013023,0.99649621653,0.0491,0.0459,1.0
997,106.05176454024,0.99656223829,0.0379,0.0385,1.0
999,106.04392317986,0.98719042976,0.2917,0.2663,0.9970786135084729
1001,106.02039933149,0.98974460501,0.1202,0.1122,1.0
1005,106.03854968029,0.99669919265,0.1474,0.135,1.0
1008,106.03055275704,0.99291984156,0.6792,0.6495,1.0
1010,106.03289318568,0.99209784597,0.4174,0.4388,0.8035306794207387
1011,106.02965154049,0.99257776618,0.1396,0.1291,1.0
1013,106.02966417087,0.99133268815,0.1516,0.1392,1.0
1016,106.04594816811,0.99572153797,0.0312,0.0284,1.0
1019,106.03127339826,0.99481134059,0.6471,0.6582,1.0
1022,106.04917310543,0.98637531867,0.135,0.1162,1.0
1023,106.04081686321,0.99066677879,0.1423,0.1321,1.0
1026,106.04753690045,0.9849990976,0.313,0.2678,0.831330616806303
1028,106.04064908724,0.98001398091,0.1004,0.0842,1.0
1029,106.04136882802,0.98537540094,0.0363,0.034,1.0
1032,106.04702828389,0.9827088874,0.0965,0.0903,0.9303541607149309
1037,105.94194626926,0.95595127348,0.2287,0.2137,1.0
1044,105.94001109164,0.95563122601,0.3579,0.3722,0.9594550997907292
1048,105.94740600759,0.95143669785,0.2482,0.23,0.7880651045674518
1050,105.95028144145,0.93776706978,0.1642,0.1517,1.0
1058,105.95400049825,0.93706483905,0.0417,0.0376,0.7533493701476001
1059,105.94083658257,0.94784763873,0.191,0.1771,0.982771643834102
1062,105.94761010465,0.94584154457,0.2929,0.2758,0.9498235988821507
1064,105.94484874808,0.94437131393,0.029,0.0273,1.0
1065,105.95125387,0.96093481901,0.1205,0.1157,1.0
1066,105.95827034586,0.95384752072,0.0782,0.0748,1.0
1071,105.9516978145,0.93864406647,0.1957,0.1795,0.7569497514166913
1076,105.99250189461,0.97140427214,0.178,0.1621,1.0
1079,105.97750252792,0.95714112116,0.2641,0.2439,1.0
1082,105.98190655083,0.95831779828,0.199,0.1926,1.0
1083,105.97438860891,0.97512819678,0.0535,0.0495,0.8157048505874416
1086,105.97467196567,0.96143692202,0.0724,0.0687,1.0
1089,105.97327660055,0.9732079163,0.1333,0.1221,1.0
1092,105.97672729669,0.95771467223,0.0743,0.0693,0.8060013363059395
1102,105.9693725654,0.97475221366,0.1315,0.1212,1.0
1107,105.96801266037,0.97462988718,0.034,0.0327,0.9357371768652397
1108,105.99183924458,0.96735801596,0.16,0.1487,1.0
1112,105.9205389076,0.97315197813,0.0663,0.0603,0.879073514608901
1113,105.9247516568,0.96068275509,0.2742,0.2533,0.8584462038731006
1115,105.9266156424,0.95579555975,0.2846,0.2222,1.0
1120,105.93777712291,0.95956253688,0.1855,0.1718,1.0
1124,105.92645375098,0.98186318757,0.1337,0.122,0.8366529483341246
1126,105.92697658267,0.98436199005,0.043,0.0398,1.0
1128,105.90937995061,0.97035699971,0.2804,0.2527,0.7874176247693834
1134,105.93731393342,0.96640858438,0.0475,0.0444,0.9868030104978418
1138,105.92137867601,0.97286741228,0.1302,0.1194,0.7861324751290157
1139,105.93954461219,0.97397355161,0.1885,0.1792,1.0
1140,105.9310954571,0.95761677129,0.3429,0.3296,1.0
1142,105.9246812749,0.96216969232,0.0525,0.0477,0.8554416156483441
1146,105.93823376589,0.96255368128,0.3359,0.3131,1.0
1147,105.93389243331,0.9565475422,0.1289,0.1188,1.0
1149,105.93087168967,0.97652873784,0.0564,0.052,0.957774394487425
1152,105.92057562827,0.96736800246,0.1267,0.1138,1.0
1161,105.94930208278,1.00360578518,0.2291,0.2103,0.9050385787828725
1162,105.94198938023,0.9874650448,0.1998,0.1812,0.752777896183538
1165,105.94120418345,0.98787060119,0.1723,0.1575,1.0
1166,105.9442953912,0.99353804354,0.2416,0.2176,0.9222161988190466
1171,105.94396090731,0.99570227187,0.1776,0.1484,1.0
1172,105.93897271117,0.99529338153,0.1863,0.1691,1.0
1174,105.95390681732,0.9863525224,0.206,0.1921,0.7419600425161254
1185,105.96305113119,0.99511965872,0.1308,0.1203,1.0
1186,105.96318461201,0.99670621758,0.1507,0.1384,1.0
1189,105.95461614493,0.97957875559,0.1034,0.0969,1.0
1191,105.94335515757,0.99562213155,0.112,0.1025,1.0
1197,105.97110131424,0.98787954665,0.1641,0.15,1.0
1199,105.96397291937,0.99344737485,0.179,0.1663,0.94545442047968
1200,105.94298297709,0.99366822875,0.849,0.7821,0.8388233552507233
1209,105.95336261891,1.00038372357,0.057,0.0537,1.0
1210,106.00986017043,0.9899841353,0.0363,0.0344,1.0
1212,105.99238690718,0.9979693716,0.0833,0.0774,1.0
1213,105.99325372751,1.0013238114,0.0661,0.0611,1.0
1214,106.00460298964,0.99169422881,0.0574,0.0534,1.0
1215,106.00056833127,0.99477820184,0.0396,0.0373,1.0
1223,105.99853629657,1.00410127676,0.1823,0.1526,1.0
1224,106.00558649702,0.98764463007,0.0591,0.0551,1.0
1225,106.00971595078,0.98951793888,0.1364,0.1337,0.7773643823497716
1230,105.99910144501,0.99709212514,0.495,0.4884,0.8858428962638294
1236,105.99046621805,0.99578763782,0.5192,0.5279,0.8554416156483441
1239,105.99444765924,0.99303544073,0.1822,0.1652,1.0
1240,105.99987956888,0.99045876134,0.0865,0.0798,1.0
1243,105.98114408357,0.99337011197,0.0666,0.0622,1.0
1246,105.97991345982,0.98888537531,0.2359,0.218,1.0
1249,105.99546397055,0.98716109383,0.1047,0.0969,1.0
1257,105.98412437359,0.98609210009,0.1733,0.1584,1.0
1258,105.98580402595,0.98379811445,0.1728,0.1585,1.0
1259,106.00662856771,0.98149301323,0.0679,0.0689,1.0
1262,105.97799171781,0.99076167151,0.0723,0.0675,0.9796150004486233
1263,106.00650962324,0.98617243874,0.2577,0.2423,1.0
1265,105.98150400074,0.9824694283,0.071,0.0667,0.738645108495973
1266,105.99339230001,0.98918776644,0.1823,0.1667,1.0
1267,105.99521953604,0.97671585802,0.1954,0.1773,1.0
1270,105.9870131687,0.99628312875,0.0471,0.0438,1.0
1271,105.99044121566,0.99293048417,0.0891,0.0822,1.0
1272,105.99685877114,0.98345972404,0.164,0.1479,0.7369158125063971
1273,105.99546146207,0.97474497209,0.1725,0.1578,1.0
1280,106.0053048171,1.01390133747,0.1948,0.1763,1.0
1281,106.02006244711,1.00127694617,0.0511,0.0497,1.0
1282,106.0041757273,1.0137810076,0.0333,0.031,1.0
1284,106.00818148136,1.00108033564,0.1985,0.1797,1.0
1285,106.00750794248,1.01326413141,0.1198,0.11,1.0
1286,106.01064168491,1.00103970717,0.0447,0.042,1.0
1291,106.01825060027,1.01448355578,0.0332,0.0311,1.0
1292,106.03875074865,1.00649546591,0.4584,0.4769,1.0
1293,106.02449140192,1.00978620408,0.0246,0.023,1.0
1295,106.01811448147,1.0221205072,0.0394,0.0369,1.0
1296,106.03595088819,1.00590709485,0.1096,0.1023,1.0
1298,106.03225883507,1.01360029652,0.0339,0.0342,1.0
1299,106.02817973477,1.01454265785,0.6136,0.6168,0.7961559182733811
1301,106.02880784698,1.0142133528,0.042,0.039,1.0
1303,106.02041740552,1.01507251509,0.0452,0.0418,1.0
1304,106.01884362897,1.01577206641,0.0388,0.0359,1.0
1306,106.01579171371,1.02086351931,0.0833,0.076,1.0
1308,106.00545376755,1.00089907175,0.1921,0.1762,0.8455894191955231
1309,105.99775663491,1.00618194047,0.3268,0.3098,1.0
1319,106.01228843618,1.02076828016,0.0451,0.0419,1.0
1321,106.01528959569,1.02296424569,0.2024,0.1824,1.0
1323,106.01483662731,1.00590616387,0.1878,0.1714,1.0
1325,106.02015949,1.02013825309,0.0831,0.0761,1.0
1326,106.02672455069,1.01428161387,0.184,0.1654,0.9479930380704902
1329,106.02407764614,1.01862228686,0.2334,0.2105,1.0
1331,106.00436702953,1.01336335443,0.0652,0.0607,1.0
1332,106.01479496135,1.01521052792,0.1265,0.1156,1.0
1334,106.01714667834,0.99985439072,0.0294,0.0276,1.0
1337,106.0171790015,1.00880039617,0.2067,0.1894,1.0
1338,106.02924426829,1.00992262838,0.1252,0.1216,0.768531703323115
1343,106.02424658791,1.01102844993,0.0718,0.0664,1.0
1344,106.03495867327,1.01070377432,0.9509,0.9412,0.89792956347229
1347,106.03538299258,1.00504887991,0.2535,0.2317,0.8238810502237266
1348,106.0339722819,1.01188454055,0.1283,0.1214,1.0
1349,106.01570691377,1.02053392143,0.1158,0.1069,1.0
1350,106.01924832215,1.01794246987,0.817,0.7864,0.7617160314755345
1351,106.01568530875,1.00411264884,0.0234,0.0219,1.0
1352,106.00321770322,1.00856264199,0.0802,0.0744,0.8764213399463989
1353,106.01583023122,1.02145069929,0.4607,0.4532,1.0
1356,105.98887315135,1.00193999309,0.0335,0.0311,1.0
1357,105.98436785946,1.00555320181,0.0336,0.0311,1.0
1362,105.98155078177,1.00357363096,0.3623,0.328,1.0
1365,105.9694035504,1.00508059219,0.2102,0.1924,1.0
1367,105.97957557604,1.00337859748,0.0566,0.0503,1.0
1369,105.96585188105,1.00309277309,0.7835,0.7487,0.7434809903534745
1372,105.96812571481,1.01787345445,0.0392,0.0371,1.0
1373,105.98423576296,1.00963247748,0.0607,0.0558,1.0
1378,105.97475597446,1.00777336033,0.3476,0.3365,0.8657070470566645
1389,105.97701338085,0.99545505592,0.1397,0.1285,1.0
1391,105.97565966446,0.9912388668,0.1484,0.1417,1.0
1395,105.97568921574,1.01479913985,0.0731,0.0674,1.0
1400,105.97479916578,0.99094814336,0.1765,0.1621,1.0
1401,105.97183962739,1.01033355947,0.0987,0.0909,1.0
1403,105.97993121204,1.00180158342,0.0418,0.0362,1.0
1406,105.98150253115,0.99806223788,0.1212,0.1109,0.9479141487041013
1407,105.96542869495,1.00919910956,0.2103,0.1915,1.0
1412,105.97788953277,1.02600772813,0.1206,0.1105,1.0
1413,105.9896311486,1.01682425029,0.0518,0.0466,0.7373873012163757
1416,105.99180147732,1.02838215995,0.0448,0.0418,1.0
1417,106.01541004433,1.02515306339,0.2242,0.2039,1.0
1418,105.99053762113,1.03821740093,0.0419,0.0393,1.0
1419,105.98914274117,1.03659569308,0.0915,0.0841,0.9659855692352823
1421,105.99558329778,1.01563019529,0.1357,0.1235,1.0
1423,105.98329561084,1.03012235127,0.0526,0.0488,1.0
1424,105.99942474982,1.01669138084,0.1884,0.1702,1.0
1425,106.00075047362,1.01391036859,0.0322,0.0302,1.0
1427,106.00805845999,1.01955154396,0.0541,0.0529,1.0
1428,105.99319050345,1.03743806595,0.192,0.1743,1.0
1431,105.99686494984,1.02644696617,0.0574,0.0532,1.0
1432,105.99440711911,1.02703664588,0.1137,0.1053,1.0
1433,105.99889867017,1.03396823696,0.2682,0.2419,1.0
1434,106.00208579017,1.03586989088,0.0273,0.0255,1.0
1437,105.98978188153,1.02469596084,0.0382,0.0357,1.0
1438,106.01294450021,1.02227235445,0.0315,0.0296,1.0
1442,106.00429031677,1.02953175682,0.0294,0.0274,1.0
1444,106.01173920747,1.02068109173,0.1451,0.1328,1.0
1445,105.99735081278,1.03240272047,0.6319,0.6106,1.0
1447,106.01276849326,1.02877119591,0.1794,0.1606,1.0
1448,105.98113630426,1.0290334392,0.1892,0.1617,1.0
1451,105.99174018189,1.02533230194,0.0302,0.0282,1.0
1454,105.98906048299,1.01587869697,0.0554,0.0527,0.7961559182733811
1457,105.98393485242,1.02138719624,0.2111,0.2136,1.0
1465,105.98126834025,1.02457419103,0.2212,0.1995,1.0
1466,106.0106863743,1.03108168195,0.0409,0.0383,1.0
1469,105.9988490504,1.01769023544,0.2095,0.1927,0.9537307788764616
1470,105.98297330866,1.02201959576,0.0499,0.0463,1.0
1471,105.98639054968,1.02599634656,0.1968,0.1786,1.0
1473,105.98900403947,1.01833753471,0.1163,0.1072,1.0
1474,106.00457819048,1.01829080727,0.1509,0.1369,1.0
1478,106.01045401254,1.01952218972,0.0329,0.0309,0.8947769716849785
1479,106.00910893906,1.01920352111,0.2562,0.2344,1.0
1480,105.99761014001,1.03636090671,0.0303,0.0282,1.0
1481,105.98262833599,1.02891061515,0.0729,0.0672,1.0
1484,106.00320357824,1.03554979637,0.1788,0.1623,1.0
1490,106.1402891663,0.92670158446,0.2384,0.2218,0.9126521209938445
1494,106.14514988833,0.9292948781,0.0369,0.0338,1.0
1495,106.14319638076,0.931620037,0.1514,0.1261,0.799702970660217
1501,106.15878772237,0.93730921862,0.0272,0.0253,1.0
1516,106.16736903129,0.96358385756,0.1265,0.1142,0.803119448204154
1529,106.17552873255,0.9691968634,0.1427,0.1292,0.9332406329925764
1530,106.1769800302,0.97001269398,0.3088,0.299,1.0
1531,106.18303312205,0.97797768118,0.0253,0.0232,1.0
1534,106.1814276617,0.97263936681,0.2249,0.2025,1.0
1539,106.12629812615,0.93459435346,0.0468,0.0415,1.0
1540,106.12322396136,0.96064074085,0.1649,0.1519,1.0
1541,106.13262345302,0.96143749801,0.18,0.1629,1.0
1542,106.11034386853,0.95196779746,0.0626,0.059,1.0
1543,106.12766323825,0.9374229584,0.1243,0.1195,1.0
1544,106.1141701144,0.95007498563,0.0522,0.0493,1.0
1545,106.12551680492,0.93988792107,0.1218,0.1161,1.0
1546,106.12396359591,0.93839882,0.0549,0.0519,1.0
1548,106.12381858318,0.950063974,0.1095,0.1002,1.0
1551,106.13729014636,0.95939413813,0.0521,0.048,1.0
1554,106.112931184,0.95626060703,0.2315,0.2324,0.7469009335673209
1556,106.12421316837,0.95655318117,0.1099,0.0991,0.8865253493108632
1557,106.13956528773,0.95625226315,0.068,0.0623,0.8898742607802044
1560,106.13187019214,0.95272930022,0.0588,0.0534,1.0
1564,106.14493321518,0.95407725945,0.158,0.1454,0.8037325613588436
1571,106.14128856134,0.95386769029,0.2605,0.2355,0.962839323137874
1574,106.12178044092,0.94929004037,0.7108,0.744,0.7582555822400869
1575,106.11760692896,0.94885375284,0.1569,0.1524,0.8392680474923205
1578,106.12762798769,0.96152161322,0.1079,0.0983,0.7608642536992726
1581,106.13514103945,0.94545018864,0.2783,0.2476,0.861044702485046
1584,106.16795379352,0.97188018481,0.1887,0.1719,1.0
1587,106.14247699684,0.96922337824,0.2949,0.2638,0.7646188208746106
1588,106.15055281813,0.96942134164,0.0889,0.0812,0.8566409226879078
1597,106.1556625169,0.95938091412,0.2116,0.1919,1.0
1604,106.14819016289,0.96199039408,0.0896,0.0822,1.0
1610,106.16067063371,0.96039956371,0.103,0.0936,0.9202085565728614
1612,106.15129029905,0.97782403242,0.6376,0.6633,1.0
1617,106.14818366121,0.97405051392,0.1371,0.1233,1.0
1620,106.14049312171,0.96495696235,0.7546,0.7229,1.0
1621,106.16212669434,0.97024490178,0.1035,0.0947,0.7746894393427523
1624,106.11693512278,0.97150577662,0.2622,0.2384,1.0
1625,106.10406805746,0.96543520021,0.2154,0.203,0.9273401047869325
1627,106.10687682907,0.96853374726,0.0694,0.0635,0.8143291816167194
1630,106.12301846863,0.96912286004,0.22,0.2021,0.8469367329292837
1632,106.11934752029,0.96384634353,0.0435,0.0413,0.8129445026208737
1634,106.0972063581,0.96240104983,0.1424,0.1296,1.0
1635,106.10510405241,0.96249204462,0.4654,0.4695,0.9412729207764613
1638,106.11295573254,0.96352639894,0.133,0.12,1.0
1639,106.11452928636,0.97481327805,0.1248,0.1144,1.0
1640,106.099534748,0.9620508639,0.2195,0.1964,0.9221250502825855
1652,106.12055082559,0.97605131994,0.1613,0.1463,1.0
1658,106.12142879306,0.97392256929,0.0504,0.0463,1.0
1659,106.10452575025,0.9850676855,0.1959,0.1767,0.7559321084652353
1665,106.1087122891,0.97552193442,0.1417,0.1285,0.782094300679643
1671,106.1322397866,1.00112720259,0.0865,0.0768,1.0
1672,106.13346026536,0.99254629947,0.102,0.0931,1.0
1675,106.11891933703,0.98651171371,0.0462,0.0422,0.916655043250829
1678,106.11750739995,0.98925648531,0.5464,0.5507,1.0
1688,106.13139080537,0.99068512369,0.0429,0.04,1.0
1692,106.11717575248,0.99320365224,0.0617,0.0577,1.0
1693,106.11700631862,0.99021702893,0.1851,0.1662,1.0
1694,106.11209992907,0.98920904673,0.0301,0.0255,1.0
1699,106.11990288194,0.98123195493,0.1623,0.1479,1.0
1701,106.11946072846,0.98890362311,1.1866,1.1478,0.8480347526499068
1704,106.14287741781,0.98390099392,0.4146,0.4212,0.820620792937708
1712,106.12290253828,0.9846511338,0.0437,0.0406,1.0
1715,106.13110058861,0.97385333401,0.0436,0.0406,1.0
1719,106.17618995138,0.98357990738,0.1162,0.1053,1.0
1720,106.17009621199,1.0033981939,0.0548,0.0505,0.8136741561996028
1723,106.17819761674,0.9909427207,0.0456,0.0417,1.0
1726,106.18323836008,0.99604346982,0.2308,0.2089,0.8474658025367476
1730,106.17062188191,0.98151860848,0.1176,0.107,1.0
1737,106.16487915737,0.99161443595,0.1661,0.15,1.0
1741,106.16547506037,0.98672841035,0.3094,0.2905,0.9938847051270016
1742,106.17004718114,0.99123763321,0.6083,0.6896,1.0
1745,106.17245567594,0.9776432505,0.0853,0.0777,1.0
1746,106.17293071544,0.97929967524,0.2256,0.2035,1.0
1748,106.17620256212,0.98394924894,0.1725,0.1544,0.9303241430675596
1751,106.16442294968,0.98562471899,0.651,0.6879,1.0
1754,106.17265756719,0.99891485678,0.5286,0.563,0.8005879138586366
1758,106.19216526108,1.01042464824,0.0509,0.0477,1.0
1759,106.18208309433,1.01560085737,0.0717,0.0652,0.9605063171478773
1760,106.18058602756,1.00290643272,0.0787,0.0723,0.8568328311567843
1762,106.18745897978,1.01980495749,0.0666,0.0623,1.0
1768,106.19234778697,1.02129615432,0.4258,0.4292,0.9005664428613596
1772,106.19331513034,1.01898676991,0.1057,0.0961,0.7781756727373824
1773,106.18441017262,1.01212226171,0.1259,0.1145,1.0
1776,106.19462649449,1.01891086403,0.096,0.0929,0.9768154136911719
1777,106.16909587511,1.00605733369,0.0629,0.0588,0.9970662428288126
1780,106.14502378136,1.0057957235,0.1641,0.1474,0.7539628406723605
1781,106.16731041127,1.0069055059,0.0965,0.0886,1.0
1782,106.16635088974,1.00516906497,0.1453,0.1306,1.0
1783,106.15857088229,1.00000410315,0.0887,0.0806,0.8503601050943717
1786,106.16061836127,1.00366385468,0.5398,0.5281,0.8722438995698161
1788,106.16628418454,1.00697827238,0.1338,0.1205,1.0
1790,106.15592161651,1.01993729498,0.062,0.057,1.0
1795,106.15216321692,0.99933442358,0.4662,0.4619,0.9363358845367984
1796,106.16082702516,1.01162073586,0.1332,0.1214,1.0
1799,106.14983639367,1.0128123867,0.0813,0.0739,1.0
1804,106.1588054972,1.01386987122,0.0774,0.0704,0.8273626168172575
1811,106.1343518634,1.01014105744,0.2379,0.2117,0.8437541454276701
1815,106.16980641932,1.00821647957,0.3109,0.2896,0.9478698222257972
1816,106.16004140392,1.01223816049,0.0718,0.0664,0.9814800669335006
1817,106.15089976054,1.01790725474,0.2173,0.1961,0.7617160314755345
1818,106.15149185629,1.017721882,0.2292,0.2044,1.0
1819,106.17201264795,1.04308274338,0.1304,0.1159,0.9879450229579799
1822,106.17532834581,1.02993722699,0.2169,0.207,1.0
1823,106.17250505033,1.01789899671,0.1014,0.0951,1.0
1825,106.17644426696,1.01231127164,0.0428,0.0391,1.0
1827,106.18089981431,1.03408677019,0.0946,0.0866,0.8408123823640402
1831,106.18338038895,1.02751232257,0.034,0.0308,1.0
1832,106.1821395709,1.03402582945,0.223,0.1909,0.8702063672543825
1833,106.17333497001,1.03364370552,0.1144,0.1065,0.8813792314206408
1838,106.18340630404,1.03147425677,0.0281,0.0254,0.8093376105322507
1845,106.16171656053,1.02481639766,0.1953,0.1766,0.815120085229341
1859,106.17120874035,1.01708756124,0.0815,0.0741,0.9368403375701462
1872,106.1680117702,1.03328950396,0.0354,0.0322,1.0
1874,106.18534972009,1.03388708967,0.0617,0.0557,1.0
1883,106.18078011246,1.04143162158,0.073,0.066,1.0
1885,106.18498141049,1.03397055053,0.0985,0.0885,1.0
1886,106.19598075482,1.04585111878,0.0886,0.0796,0.8344754975794347
1888,106.18847064028,1.0399745876,0.0474,0.0435,0.89794152138819
1900,106.18879322461,1.04376870641,0.5297,0.5991,0.8626056649829708
1903,106.08450545552,0.98386689525,0.618,0.6574,0.8607294303709744
1904,106.09823614397,0.99256366762,0.026,0.0244,0.7340052235856783
1909,106.07426067391,0.98234424219,0.1117,0.109,1.0
1912,106.07155617605,0.98320255286,0.3191,0.3051,0.8024106295505324
1915,106.07664965185,0.99812773213,0.0408,0.0347,1.0
1919,106.06906421483,0.98877833046,0.3019,0.2797,1.0
1920,106.08131343264,0.99499006985,0.2103,0.1935,1.0
1921,106.08260863206,0.99459861812,0.1416,0.1321,1.0
1926,106.07604157139,0.99479658436,0.0591,0.058,1.0
1929,106.08922852247,0.98025370843,0.0846,0.0847,1.0
1935,106.0972262207,0.98623259309,0.0668,0.0623,1.0
1936,106.0781198409,1.00196803032,0.1068,0.0975,0.9223362287957592
1938,106.08444709806,0.9899610658,0.2093,0.2067,1.0
1941,106.0699869209,0.98922795493,0.053,0.0502,1.0
1943,106.07964188416,0.99630185319,0.0774,0.078,1.0
1945,106.08442816862,0.99061453924,0.1201,0.1191,1.0
1947,106.09300753968,0.98727526643,0.0744,0.0674,1.0
1953,106.10025900738,0.98400894317,0.0419,0.04,1.0
1958,106.08618724556,0.97269810203,0.2844,0.2631,1.0
1960,106.08691498734,1.0033842796,0.1474,0.1323,0.7961559182733811
1961,106.09420222576,1.00654766576,0.2629,0.2382,1.0
1974,106.12298035099,1.00941275169,0.0555,0.0519,0.9191459333983334
1977,106.10114499703,1.00883206008,0.1172,0.1084,0.9357371768652397
1979,106.10683334398,1.00652300802,0.3165,0.2919,1.0
1982,106.11001684011,1.0103571954,0.1608,0.1469,1.0
1984,106.10546693779,1.00058877171,0.192,0.176,1.0
1986,106.11441795689,1.0106153321,0.3332,0.2971,1.0
1987,106.11195198705,0.99551974527,0.0769,0.0717,0.7460981200676046
1990,106.10105262481,0.99427934656,0.1802,0.1616,1.0
1991,106.12415794416,1.00502440065,0.8598,1.0525,0.8730243630281185
1993,106.11577707626,1.01614770858,0.1277,0.1177,0.9244852038140264
1995,106.10795290058,1.02031880193,0.089,0.0812,1.0
1996,106.11062020155,0.99582845637,0.0873,0.0805,1.0
1997,106.08860810638,1.0047802712,0.0683,0.0666,1.0
2000,106.10505981176,1.01936127678,0.1645,0.149,1.0
2001,106.09729414494,0.9973228296,0.1011,0.0931,0.9180368815617643
2005,106.11454546086,0.99627496281,0.1582,0.1437,1.0
2006,106.09853926924,1.01135364658,0.3052,0.2839,0.8574667990012399
2011,106.1056583985,1.00719028693,0.0378,0.036,0.738645108495973
2013,106.10059696113,1.00754077225,0.1236,0.1147,1.0
2017,106.06571279921,1.00392300904,0.161,0.1503,0.9446386744871338
2018,106.06315034827,1.00482782605,0.1462,0.1353,1.0
2019,106.05954175659,1.0048952558,0.0317,0.0293,1.0
2021,106.06335124662,1.00745716236,0.0644,0.0584,1.0
2022,106.05690081507,0.9935529511,0.4899,0.4615,0.9126312268314589
2025,106.04633539429,1.01116632522,0.1132,0.1048,0.9667264684022507
2028,106.0472153724,1.00709845566,0.0917,0.0853,1.0
2029,106.06523849858,0.99632776497,0.134,0.1226,1.0
2031,106.0449381611,1.00782818127,0.1046,0.0976,1.0
2036,106.06274196504,1.00866182302,0.1234,0.1058,1.0
2037,106.06336104055,1.02427769204,0.1505,0.1372,1.0
2038,106.07381031993,1.00315806957,0.0672,0.063,1.0
2040,106.07217319739,0.99879109816,0.0471,0.0446,1.0
2047,106.05874682629,1.00132637594,0.0409,0.0388,1.0
2048,106.05361569385,1.00575186085,0.0627,0.0592,1.0
2051,106.05902275001,1.0190887559,0.0559,0.0544,1.0
2053,106.06205334246,0.99548096213,0.1968,0.165,1.0
2059,106.05646417082,0.99421124184,0.2747,0.2319,0.9063479259024758
2060,106.05360816361,1.01799860793,0.038,0.0357,1.0
2061,106.06780757167,1.0188749445,0.0359,0.0334,1.0
2062,106.07600346872,1.01294330824,0.1932,0.175,0.7359758041278309
2063,106.06735524692,1.02040517238,0.0402,0.0374,1.0
2064,106.06000290976,0.99725931478,0.2288,0.1932,0.8337179325398013
2066,106.07273883898,1.01444167207,0.0806,0.069,1.0
2071,106.06048597987,1.01544496931,0.529,0.5697,0.9802075106738105
2074,106.06672762765,1.01436474148,0.1084,0.0941,0.7389565557983955
2078,106.04410226723,1.00891229423,0.2137,0.1948,1.0
2079,106.04533336517,1.00848071316,0.1665,0.1591,1.0
2081,106.06713150424,1.00764854545,0.2008,0.195,0.7433712705016511
2083,106.05461798175,1.01393931793,0.1689,0.1557,1.0
2084,106.06150524362,1.01852887215,0.028,0.0262,1.0
2086,106.06250211597,1.02522732004,0.7024,0.7174,1.0
2088,106.07147986894,1.00165329006,0.1281,0.115,1.0
2089,106.07184135727,1.00497039176,0.1327,0.1166,1.0
2093,106.09973847079,1.0301781062,0.0632,0.0583,0.754360799123726
2102,106.08142807283,1.03436429494,0.1895,0.1725,0.9605063171478773
2103,106.06832557071,1.02329376957,0.0286,0.0264,1.0
2107,106.0793617655,1.03207156093,0.1861,0.1689,1.0
2109,106.09737545328,1.02858516225,0.1576,0.143,0.8947769716849785
2115,106.08157467903,1.02559425443,0.2622,0.2382,1.0
2116,106.10473319601,1.02532169374,0.3482,0.3046,0.8119525307516758
2121,106.07076895641,1.02261578624,0.148,0.1359,0.8975456059521236
2122,106.07165756819,1.01991406562,0.1618,0.167,0.7585687072712958
2124,106.08906623187,1.02255384666,0.1119,0.1021,1.0
2130,106.07477013794,1.02682611344,0.0985,0.0929,1.0
2131,106.07747048982,1.01704746899,0.0352,0.0322,1.0
2132,106.06793156131,1.02252902489,0.0533,0.05,1.0
2133,106.08244944693,1.04293331335,0.1377,0.1249,0.948714581215177
2134,106.06903314783,1.02311660504,0.1838,0.166,0.9385344459037174
2135,106.07779591953,1.02857548276,0.0975,0.0874,1.0
2137,106.07741643542,1.0262887308,0.0828,0.0759,1.0
2139,106.09533893415,1.0308346838,0.0532,0.047,1.0
2153,106.11888595836,1.03602031338,0.3595,0.3173,0.7991234930669713
2154,106.13130160938,1.0303205865,0.1162,0.1073,1.0
2156,106.13368698245,1.03129629975,0.1636,0.1488,1.0
2157,106.13500076102,1.03197831596,0.2535,0.2312,1.0
2158,106.11695120661,1.02902059253,0.4971,0.5212,1.0
2170,106.14008501838,1.02383219322,0.2356,0.2124,0.7542390906723521
2172,106.11636344916,1.02407600151,0.1071,0.0968,0.8895710204851653
2175,106.11679785327,1.02025096659,0.0264,0.0253,1.0
2176,106.13469026764,1.0219442106,0.0725,0.0678,1.0
2177,106.12693755582,1.02180029647,0.0811,0.0756,0.9141728545094953
2179,106.12634186574,1.01280139965,0.1784,0.1618,1.0
2180,106.1267759493,1.01813820904,0.4436,0.4754,0.7815355758076524
2185,106.12856373752,1.0102870378,0.178,0.1614,0.7480229346325653
2188,106.12948508454,1.03544801476,0.0706,0.0573,0.9185836617982853
2189,106.13429369942,1.04038427016,0.1014,0.093,1.0
2194,106.13347497034,1.04828009066,0.0937,0.081,1.0
2201,106.14850572324,1.05109887353,0.1208,0.1088,1.0
2203,106.13889266224,1.05092794747,0.1102,0.0935,1.0
2210,106.13786318149,1.04975633073,0.2223,0.19,0.9708190374525966
2214,106.15241903877,1.04730649675,0.6987,0.7535,1.0
2221,106.14177103377,1.05056927564,0.1561,0.1358,1.0
2222,106.14575663682,1.04357422877,0.1183,0.1068,0.7740000708124722
2227,106.11924343306,1.04186087337,0.0867,0.0788,1.0
2228,106.10642255893,1.02926469857,0.0684,0.0583,1.0
2231,106.09125965752,1.04614629259,0.2323,0.2085,1.0
2234,106.1061288836,1.03428953569,0.081,0.0738,1.0
2235,106.09575087119,1.03668069404,0.0935,0.0846,1.0
2239,106.11511700577,1.04326433772,0.2404,0.2073,1.0
2240,106.11722106943,1.04351707406,0.1381,0.1242,1.0
2247,106.1030175024,1.05267805697,0.2673,0.2381,0.749776013518527
2248,106.12371426247,1.04802953341,0.0317,0.0283,0.8730243630281185
2249,106.10887174249,1.02852167699,0.1618,0.1357,0.8652590140358669
2250,106.096138379,1.03782790073,0.1667,0.1456,1.0
2253,106.09315228544,1.04769220133,0.6244,0.5313,1.0
2258,106.12319096969,1.04686746769,0.1082,0.1038,0.9679547373211329
2262,106.09831509657,1.05589366194,0.3631,0.3423,0.8209584808266919
2263,106.10918917654,1.03548166815,0.2622,0.2389,1.0
2268,106.10172757396,1.03409196309,0.2324,0.1974,1.0
2273,106.09816093181,1.04837398006,0.0972,0.0879,1.0
2281,106.10739227,1.0514116356,0.2154,0.1924,1.0
2282,106.11666484155,1.03767997884,0.3795,0.3134,0.8000979178020191
2283,106.11258224495,1.04484615287,0.0813,0.0718,0.7873529306890683
2284,106.0978804154,1.04526550923,0.1754,0.1578,0.7709180482864987
2294,106.1265774241,1.06413219319,0.1631,0.1477,1.0
2296,106.11828527309,1.05516647086,0.0633,0.0588,0.7642807152887368
2298,106.13772751081,1.06235770463,0.0502,0.0434,1.0
2305,106.13055238642,1.05866049097,0.1606,0.1433,1.0
2311,106.12242632687,1.05279244618,0.0457,0.0427,1.0
2314,106.1339427301,1.05003940941,0.4088,0.4361,0.9306977635036713
2324,106.03537609289,1.01669884815,0.1242,0.1348,1.0
2325,106.05729901679,1.02671772189,0.0521,0.0484,1.0
2327,106.04525919161,1.02344110634,0.2002,0.1853,1.0
2328,106.04410672483,1.01591840456,0.1716,0.1567,1.0
2330,106.04391584484,1.02925723845,0.1167,0.1124,1.0
2331,106.03511400244,1.02814665798,0.0358,0.0339,1.0
2335,106.05137656745,1.03145524441,0.2288,0.2097,0.9411959608048001
2336,106.02296991098,1.02668858448,0.03,0.0295,1.0
2347,106.04793280974,1.02358410031,0.3342,0.3034,0.8180592254262637
2348,106.04965185765,1.02848496416,0.0624,0.0611,1.0
2352,106.04245924897,1.03439874851,0.2244,0.2139,1.0
2353,106.03351040855,1.01327455876,0.0841,0.0911,1.0
2354,106.03101163615,1.02787072144,0.1589,0.1467,1.0
2355,106.04185206861,1.02519002563,0.1282,0.1168,1.0
2358,106.03045016948,1.02922029124,0.0303,0.0282,1.0
2360,106.05075511671,1.01741501004,0.3221,0.2887,0.9537307788764616
2363,106.02688404254,1.03204092037,0.1432,0.13,0.9245616645711442
2364,106.03423834434,1.02595964004,0.0376,0.0349,1.0
2365,106.03209110821,1.02641746127,0.0661,0.0606,1.0
2366,106.02709220516,1.03312071591,0.1752,0.1595,1.0
2367,106.04918363908,1.02858598374,1.0927,1.0546,1.0
2368,106.04288656295,1.01805905442,0.1242,0.1138,1.0
2369,106.02653717055,1.03074005632,0.0634,0.0587,1.0
2372,106.02440239457,1.02958545119,0.0435,0.0426,1.0
2374,106.03806740477,1.01701717226,0.1715,0.1589,1.0
2377,106.03673206481,1.03075282955,0.8702,0.8209,0.8818353167350413
2380,106.02615323164,1.02081088415,0.1976,0.186,1.0
2381,106.04308985573,1.02224059388,0.2347,0.2165,0.7753511067906285
2382,106.03162282192,1.0352963648,0.7089,0.6814,1.0
2383,106.04959220512,1.02001928977,0.0446,0.0416,1.0
2384,106.04654579495,1.02298066973,0.0708,0.0656,1.0
2386,106.03315170279,1.03328224084,0.03,0.028,1.0
2387,106.05919120057,1.02742425379,0.1565,0.1431,1.0
2389,106.04434129475,1.03845357967,0.0325,0.0312,1.0
2392,106.05575231326,1.02867340657,0.0745,0.068,1.0
2393,106.05032718955,1.02039584824,0.2136,0.1971,1.0
2395,106.04163747116,1.0341720424,0.1246,0.1139,1.0
2398,106.04671559794,1.03300959281,0.1419,0.1532,1.0
2400,106.03231489298,1.03470240622,0.2162,0.1962,0.7568672095916643
2401,106.04700718311,1.03144655208,0.0417,0.0455,1.0
2406,106.04036165884,1.0191577375,0.1277,0.1199,1.0
2407,106.05017695265,1.03382163177,0.113,0.106,1.0
2408,106.02751943176,1.03245998594,0.0605,0.0559,1.0
2409,106.04631578991,1.03885216087,0.1465,0.1317,0.9955060262693756
2411,106.04276435093,1.03105786312,0.0425,0.04,1.0
2412,106.03737303232,1.04151161646,0.0463,0.0446,1.0
2413,106.0546339767,1.02691400602,0.0856,0.0784,1.0
2415,106.03271775927,1.01977340029,0.0762,0.0743,1.0
2420,106.03856125735,1.0404055202,0.2862,0.272,0.9721691792704374
2423,106.05774603816,1.02530825406,0.0351,0.0324,1.0
2427,106.02912668692,1.03340028136,0.0335,0.0309,1.0
2428,106.04391296486,1.03993166292,0.0311,0.0289,1.0
2431,106.06447659053,1.05879232593,0.0401,0.0367,1.0
2432,106.05749248802,1.04109930779,0.1005,0.0968,1.0
2439,106.06588087953,1.0557754525,0.0411,0.0401,1.0
2441,106.05283528554,1.04072030677,0.2247,0.2021,1.0
2442,106.04962043428,1.04040350618,0.027,0.025,1.0
2445,106.0651886486,1.03568009683,0.1502,0.1359,1.0
2446,106.05300658911,1.04614746258,0.0284,0.0266,1.0
2447,106.04648942162,1.04597691692,0.0345,0.0312,1.0
2451,106.06258349607,1.04761573588,0.1037,0.0997,1.0
2456,106.06043926583,1.05945439167,0.2578,0.2312,1.0
2457,106.06334702451,1.05432096662,0.0822,0.0751,1.0
2459,106.05146694506,1.05056162617,0.1277,0.1153,1.0
2460,106.05251750829,1.04462629965,0.0677,0.0628,1.0
2461,106.07827834004,1.04608188834,0.0584,0.054,1.0
2464,106.06388661729,1.03645550213,0.0883,0.0818,1.0
2466,106.05225668385,1.05374661416,0.2906,0.2588,1.0
2471,106.07504152702,1.04781485921,0.1459,0.1317,1.0
2472,106.05192449249,1.04866939891,0.521,0.5642,0.7782185458116633
2473,106.05097871399,1.05206990604,0.0504,0.0468,1.0
2475,106.06283356392,1.03422067469,0.0845,0.0764,1.0
2476,106.06454104871,1.03165741758,0.077,0.0828,1.0
2477,106.05276063725,1.0411448876,0.0631,0.0567,1.0
2480,106.0583266096,1.03414355664,0.0409,0.036,1.0
2484,106.07613313918,1.03895833727,0.0384,0.0357,1.0
2485,106.05252813562,1.03548391447,0.0524,0.0515,1.0
2486,106.05643705,1.03476388082,0.0254,0.0234,1.0
2488,106.05548702264,1.04851007935,0.0394,0.0366,1.0
2489,106.04886689638,1.04983049024,0.0505,0.0469,1.0
2490,106.06934309034,1.03296819642,0.0473,0.0436,1.0
2495,106.05210097379,1.04323764986,0.0986,0.086,1.0
2497,106.07189241418,1.04379262175,0.0277,0.0254,1.0
2498,106.06846367554,1.04253983218,0.2718,0.2439,0.863788661839511
2501,106.05491025172,1.0434017255,0.2438,0.2276,1.0
2507,106.0028364286,1.03925189107,0.8056,0.7544,1.0
2509,106.01845347158,1.05592409064,0.0499,0.0468,1.0
2511,106.01278398236,1.03272972546,1.1548,0.9425,0.9797260466220016
2516,106.00750755652,1.0385714467,0.2188,0.1962,1.0
2518,106.03024880188,1.05149381177,0.1024,0.0963,1.0
2526,106.01940509232,1.02711562931,0.0552,0.0512,1.0
2529,106.01748884735,1.06118709732,0.1198,0.1098,1.0
2530,106.01610404895,1.06145133806,0.0701,0.0646,1.0
2532,106.02919139304,1.04779852417,0.0603,0.0558,1.0
2534,106.01694722515,1.03815143877,0.131,0.1279,1.0
2537,106.02133586555,1.04845505982,0.0251,0.0235,1.0
2543,106.01430645689,1.05575800674,0.0621,0.0569,1.0
2545,106.01284021981,1.05738436314,0.0384,0.0357,1.0
2546,106.01597296313,1.05548437326,0.1195,0.1123,1.0
2547,106.03237315695,1.04121075489,0.2557,0.2279,1.0
2549,106.02457414852,1.05621642494,0.215,0.2017,0.743626689463765
2550,106.02126963785,1.05626549486,0.2547,0.1924,1.0
2553,106.01571731491,1.03944338407,0.0438,0.043,1.0
2557,106.01569696954,1.05160946455,0.0525,0.0508,1.0
2560,106.02462724857,1.04084162419,0.0657,0.0612,1.0
2561,106.03344459815,1.04195901561,0.0649,0.0604,1.0
2563,106.03791748393,1.04533392029,0.0742,0.071,1.0
2565,106.03515462654,1.04048599435,0.5229,0.5488,0.8545451231546618
2568,106.0008583003,1.04813189933,0.4711,0.4624,0.8434955553298119
2571,106.02518955273,1.05104782791,0.0593,0.0495,1.0
2576,106.03282916232,1.04897615484,0.1317,0.1237,1.0
2579,106.01726587337,1.05689592725,0.4913,0.4952,0.7708340352609789
2580,106.02157191057,1.03641727509,0.1676,0.1526,1.0
2582,106.03310813355,1.04633395177,0.0922,0.0909,1.0
2583,106.0088142117,1.04653803597,0.1733,0.1654,1.0
2584,106.02058607617,1.05284854473,0.1594,0.1442,1.0
2585,106.03697981555,1.04655053467,0.0658,0.0643,1.0
2587,106.02214845052,1.05005342121,0.0245,0.0228,1.0
2588,106.00593793644,1.04407502572,0.1136,0.1044,1.0
2589,106.03246038215,1.04037167157,0.1255,0.1051,1.0
2591,106.03478156837,1.04460879609,0.2087,0.1998,1.0
2592,106.02685664708,1.04451894267,0.1151,0.1048,1.0
2593,105.99813306977,1.04492252087,0.1098,0.1036,0.8346276784234808
2597,105.99927186417,1.04282420721,0.3718,0.3807,1.0
2598,106.01776386365,1.04178654382,0.1908,0.173,1.0
2603,106.03851659647,1.07946004441,0.0377,0.0346,1.0
2604,106.06032635725,1.06428640632,0.1045,0.0946,0.866314969859887
2609,106.03356182776,1.05912829117,0.1277,0.1148,1.0
2613,106.03135983525,1.06942351543,0.0596,0.0546,1.0
2616,106.04025917564,1.0619445105,0.2511,0.2264,1.0
2617,106.04065306183,1.05381038656,0.0837,0.0758,0.9537307788764616
2618,106.04501418765,1.06959657652,0.0294,0.0272,1.0
2620,106.03599086603,1.06331766345,0.0839,0.0763,0.913344754695288
2622,106.04223160442,1.05782604694,0.1562,0.1389,0.7468428761297887
2623,106.04507986656,1.06993078675,0.1489,0.1346,1.0
2624,106.04593282608,1.06091820199,0.5176,0.5229,0.8269593206392672
2630,106.04257534199,1.05303895383,0.1056,0.095,1.0
2632,106.04348385469,1.07821400038,0.1853,0.168,0.9197528479094876
2639,106.03673936021,1.05861665951,0.2554,0.2281,1.0
2644,106.03850930938,1.05422371635,0.0245,0.0227,1.0
2645,106.03384681352,1.05778873916,0.0406,0.0375,1.0
2647,106.03095081068,1.05959513464,0.0656,0.0603,1.0
2648,106.03568814156,1.0727772013,0.196,0.1758,1.0
2651,106.03553112229,1.05469300747,0.0397,0.0367,1.0
2652,106.03825171303,1.0514306857,0.0663,0.0605,1.0
2653,106.03542071092,1.05344928416,0.1367,0.123,1.0
2654,106.04093082539,1.04833531527,0.043,0.0387,1.0
2655,106.03373658863,1.05436418427,0.0311,0.0287,1.0
2656,106.02776149577,1.0585298732,0.0638,0.0581,1.0
2658,106.01937731503,1.06422410674,0.0444,0.0425,1.0
2659,106.02288388831,1.0598458113,0.0643,0.072,1.0
2660,106.0223540399,1.06066773265,0.0308,0.0298,1.0
2662,106.04012506276,1.05981600428,0.0378,0.034,1.0
2663,106.03436722771,1.06650468752,0.0653,0.0598,1.0
2664,106.02940350449,1.06645892038,0.0253,0.0232,1.0
2665,106.0347712249,1.06007822356,0.0785,0.0711,1.0
2667,106.04550266755,1.04945625499,0.0329,0.0305,1.0
2668,106.0436078774,1.06744403181,0.0404,0.0371,1.0
2673,106.03550895721,1.05236651797,0.0794,0.0728,1.0
2675,106.03582242617,1.06646006344,0.0635,0.0578,1.0
2676,106.04305800045,1.06520709953,0.0394,0.0365,1.0
2678,106.07594691519,1.06672287504,0.1032,0.0884,1.0
2681,106.08442031174,1.06757524794,0.1867,0.1666,1.0
2682,106.09061294457,1.05832364691,0.0353,0.0329,0.7536654248944269
2683,106.09468798691,1.0537831061,0.0876,0.0795,1.0
2684,106.08438457149,1.06392725041,0.0477,0.0441,1.0
2685,106.07372939278,1.06872100091,0.0342,0.0315,1.0
2686,106.08413479412,1.05951283175,0.0384,0.0357,1.0
2688,106.09133726466,1.07097948492,0.058,0.0524,1.0
2692,106.07759459547,1.05719294455,0.0812,0.0744,0.7343160472636867
2697,106.07510984069,1.07007791452,0.0356,0.0332,0.9924688360721703
2703,106.0978264386,1.06065776929,0.0545,0.0501,1.0
2704,106.06632842677,1.06102015069,0.1277,0.1046,1.0
2715,106.06931542129,1.05723930857,0.136,0.1235,1.0
2716,106.07520477226,1.05364974827,0.6635,0.7062,1.0
2718,106.07676493536,1.06386424726,0.0993,0.0915,0.9519452265686565
2719,106.08303936187,1.05919740142,0.2642,0.2342,0.80424463467916
2721,106.08840153599,1.0511985687,0.0629,0.0579,1.0
2727,106.0789152369,1.05633649742,0.0652,0.06,1.0
2730,106.07983049387,1.06031414647,0.5619,0.6268,1.0
2732,106.07711283349,1.06280617186,0.0877,0.0806,1.0
2733,106.09910891064,1.05950900416,0.163,0.1464,1.0
2734,106.06962584952,1.05769692216,0.201,0.1883,1.0
2735,106.08806059135,1.06961318768,0.0296,0.0276,1.0
2741,106.09455410112,1.07814400314,0.0765,0.07,1.0
2742,106.1017954697,1.06904371342,0.1545,0.1383,1.0
2751,106.11359132138,1.07975437096,0.0273,0.0253,0.9291316164178541
2756,106.11339776123,1.09018467507,0.0637,0.0583,1.0
2757,106.11486565221,1.08635645211,0.0922,0.0864,1.0
2760,106.09590520654,1.08530335832,0.1327,0.1205,0.9357371768652397
2767,106.11320783753,1.08203411651,0.1906,0.1714,1.0
2768,106.09590526565,1.08231177955,0.2495,0.2085,1.0
2775,106.11208385089,1.07431209689,0.3655,0.336,0.8582316794646799
2781,106.10164078021,1.07233300517,0.531,0.5521,0.8599465991452919
2783,106.08910139654,1.07963845754,0.0741,0.0698,1.0
2791,106.11294854531,1.09423073299,0.0468,0.0431,1.0
2796,106.05418753916,1.07554212013,0.0722,0.0656,0.7753843651338943
2797,106.05775739446,1.08770327822,0.0654,0.0601,0.983649862765941
2806,106.0584654329,1.07689434332,0.0991,0.0896,1.0
2807,106.04702603249,1.08737286017,0.0344,0.032,1.0
2810,106.07194670532,1.08740295009,0.0785,0.0709,0.7910796444523516
2812,106.05703318093,1.07903906424,0.2095,0.1871,1.0
2814,106.06472007001,1.08079200997,0.026,0.024,1.0
2815,106.05008545596,1.07488244694,0.0294,0.0273,1.0
2816,106.05664623292,1.09147226776,0.2099,0.1869,0.7373241392409049
2817,106.05799416246,1.08534880828,0.0874,0.079,1.0
2818,106.06990316084,1.08943420694,0.1708,0.1513,1.0
2822,106.05768344981,1.08244866782,0.731,0.6617,0.7820655502801015
2826,106.06202303616,1.07675798729,0.0578,0.0528,1.0
2827,106.06410321639,1.07606673906,0.2302,0.2045,1.0
2830,106.05793922458,1.09271347593,0.2857,0.2248,1.0
2831,106.05449570025,1.07808557355,0.1865,0.1622,1.0
2832,106.07654713201,1.07905677804,0.2506,0.2218,0.7617160314755345
2833,106.04919842528,1.08358931259,0.1664,0.167,0.7966801758852499
2839,106.05258804476,1.08336315631,0.17,0.1518,1.0
2840,106.08055927586,1.08038792096,0.1883,0.1673,1.0
2843,106.05359012631,1.08527669977,0.124,0.112,0.7413516446351686
2844,106.04922900148,1.07476157934,0.1395,0.1279,1.0
2850,106.07155184563,1.07251389423,0.2374,0.212,1.0
2852,106.07356485381,1.08735805824,0.158,0.1408,1.0
2853,106.05670049569,1.08683961782,0.0851,0.0786,1.0
2862,106.06944858617,1.09389038914,0.4908,0.4894,1.0
2864,106.06407378957,1.08324809175,0.0305,0.0281,1.0
2867,106.04843099917,1.08697944443,0.0291,0.0258,1.0
2868,106.07273530794,1.08344062337,0.1154,0.1037,0.7587120812435303
2869,106.07782692406,1.10052095515,0.1249,0.1124,0.8490799030639039
2871,106.0740660551,1.09734085548,0.0417,0.0386,1.0
2872,106.07654955209,1.09349246209,0.0982,0.0894,1.0
2873,106.07774338371,1.09057119437,0.0534,0.0488,1.0
2881,106.07367628262,1.09073620473,0.1653,0.148,1.0
2884,106.09723013799,1.09763283919,0.0775,0.0705,1.0
2885,106.07803525295,1.11134183803,0.1709,0.1519,0.9050408587565388
2886,106.08883295518,1.11482848827,0.1292,0.1153,1.0
2888,106.08363709892,1.08688321182,0.1749,0.1566,0.9139636019078797
2894,106.08801001161,1.10547370378,0.1339,0.1238,1.0
2895,106.07059688369,1.10239239776,0.0292,0.027,1.0
2897,106.09780449604,1.09612456107,0.063,0.06,1.0
2901,106.09377774455,1.1045941866,0.0254,0.0236,1.0
2904,106.09738761258,1.10408854578,0.0614,0.0559,1.0
2908,106.06958027296,1.09887990659,0.1234,0.1127,1.0
2911,106.09459476045,1.10173974998,0.1412,0.1265,1.0
2913,106.07733827151,1.10163070322,0.2197,0.1972,1.0
2916,106.07507151779,1.11002555449,0.0744,0.0695,1.0
2917,106.10079726489,1.10012381821,0.1101,0.0988,1.0
2921,106.08153164589,1.0936824014,0.0831,0.0758,1.0
2922,106.07610699609,1.09415086294,0.0649,0.0593,1.0
2923,106.08665389135,1.10650043229,0.2516,0.229,0.8160451364763441
2927,106.15643216033,1.06560667239,0.2518,0.2132,1.0
2931,106.15486990616,1.0607842185,0.1965,0.1739,0.8792331606366399
2932,106.18130643002,1.06172336889,0.1662,0.1487,0.8950978716869162
2933,106.18434797009,1.0626822154,0.1702,0.1521,0.8185774637644468
2934,106.17766974718,1.05915650654,0.1738,0.1552,0.9537307788764616
2937,106.16089180086,1.06890922616,0.0348,0.0317,1.0
2939,106.19221662072,1.06255597903,0.063,0.0588,1.0
2941,106.18512713468,1.05627134573,0.5369,0.5327,0.8792331606366399
2943,106.17784748387,1.06192477461,0.0283,0.0259,0.8499692945073626
2950,106.17775748159,1.05463863038,0.1697,0.1513,1.0
2966,106.18512438742,1.08923873363,0.2358,0.2084,1.0
2967,106.19247524992,1.0865592557,0.0843,0.071,0.8185954848108387
2972,106.18106825142,1.07553866294,0.0425,0.0389,0.9357371768652397
2975,106.18316307544,1.08709600356,0.289,0.2705,0.774398245664465
2977,106.19454448351,1.06764580639,0.0748,0.0672,0.9728828876455179
2985,106.14906377462,1.09249806769,0.1026,0.0926,1.0
2988,106.14078269331,1.09165887818,0.5855,0.5417,0.9537307788764616
2989,106.14720312296,1.0891664164,0.1803,0.1609,0.8160134792678798
2992,106.14513786961,1.06850158646,0.0888,0.085,1.0
2997,106.1532637215,1.06632840032,0.0362,0.0337,0.904556011029005
2998,106.14238068143,1.08741646273,0.0893,0.0802,1.0
3002,106.14547052988,1.08851666278,0.1912,0.1722,0.7596011025711077
3003,106.13668472285,1.08455402004,0.5182,0.5406,0.8554416156483441
3009,106.15554906585,1.09396419573,0.0275,0.0254,0.8280026443340289
3020,106.16507994345,1.08588361274,0.0271,0.0254,1.0
3021,106.15950701549,1.09018362456,0.0922,0.0829,0.9487384371034876
3023,106.16293009328,1.08397667036,0.1028,0.0929,1.0
3026,106.16033164324,1.0735737377,0.351,0.289,1.0
3036,106.18135871936,1.09280170815,0.1374,0.1255,1.0
3038,106.1853732479,1.10240465109,0.1997,0.1779,1.0
3039,106.17497959503,1.11023451389,0.1087,0.0975,0.9410397036008018
3040,106.16827945565,1.10420611663,0.0418,0.0384,1.0
3042,106.15501186431,1.10272711,0.0275,0.0251,0.7497320703247823
3043,106.15869624473,1.10186455872,0.1215,0.1093,0.9697882775273056
3048,106.15879239894,1.106135904,0.1598,0.1433,1.0
3051,106.17766608208,1.10925450061,0.1098,0.0993,0.8437541454276701
3055,106.1631664711,1.08980085492,0.1605,0.152,0.9005380819347979
3056,106.16155740763,1.10828878743,0.1754,0.1549,0.9658457190840514
3073,106.17764785128,1.11889217368,0.1871,0.1659,0.8891245609513199
3075,106.17748789758,1.11507790363,0.129,0.1173,0.7805112124236246
3078,106.1766521719,1.12258920602,0.2652,0.2266,0.8020455367819812
3089,106.13525794842,1.09086178727,0.1033,0.093,1.0
3092,106.14268671171,1.10013492536,0.0787,0.0717,1.0
3102,106.13457594518,1.0917784902,0.0988,0.0897,1.0
3103,106.1265209062,1.09828754301,0.0735,0.0665,1.0
3108,106.13056890805,1.08604814926,0.1202,0.1153,0.8144192985288277
3119,106.11785473797,1.09676271069,0.0692,0.0623,1.0
3125,106.15766517574,1.11830274118,0.1676,0.1497,1.0
3131,106.14664237718,1.13346031305,0.1717,0.1516,0.9173817111805502
3134,106.14701823398,1.11081642412,0.1748,0.1578,0.8546221217476961
3135,106.14208516147,1.12869126438,0.0828,0.0688,1.0
3143,106.14588454925,1.11056264908,0.1276,0.115,1.0
3150,106.15294857371,1.12522065744,0.2141,0.1861,0.7832714081463248
3157,106.13400212138,1.12204734753,0.1015,0.0915,1.0
3161,106.13397709095,1.122697336,0.1433,0.128,1.0
3164,106.14310151521,1.10813977741,0.2003,0.1775,1.0
3166,106.1459826947,1.11011821517,0.1627,0.1461,1.0
3167,106.14355584667,1.12215264252,0.0636,0.0575,1.0
3170,106.12408387355,1.11947008259,0.072,0.0654,1.0
3175,106.10830103381,1.10583215091,0.3512,0.3421,0.9357371768652397
3178,106.10230923668,1.11938426119,0.0335,0.0326,1.0
3190,106.0967926167,1.11276672183,0.0755,0.0682,1.0
3191,106.105775396,1.11913278646,0.144,0.1327,1.0
3193,106.10753020063,1.10629848666,0.0939,0.0892,1.0
3202,106.10460125178,1.12707516419,0.168,0.1485,0.9735915845917907
3210,106.10553143809,1.12941747849,0.7365,1.1197,1.0
3213,106.11140314265,1.12502517766,0.1923,0.1685,0.7744259357052169
3220,106.12965035018,1.1414216164,0.1891,0.1684,0.8610372250321731
3225,106.12816092464,1.11943707462,0.1245,0.1097,1.0
3227,106.13480666476,1.14212657897,0.1273,0.1146,0.8769157925016711
3237,106.1260634057,1.13565268003,0.2388,0.2114,1.0
3238,106.12236344942,1.13325538405,0.383,0.4324,1.0
3242,106.12425351985,1.12822056957,0.7796,0.7807,1.0
3244,106.11160661293,1.1360360551,0.0229,0.0211,1.0
3245,106.13170156761,1.15256663055,0.2662,0.2321,1.0
3247,106.13126551381,1.12806691157,0.8335,0.8058,0.7646188208746106
3250,106.12080765174,1.12601791301,0.2319,0.2032,0.9924688360721703
3255,106.13873217773,1.13584783635,0.0857,0.0766,1.0
3257,106.11809495609,1.13609362073,0.1523,0.1346,1.0
3258,106.12811796957,1.13609226484,0.1307,0.1163,1.0
3261,106.11683723406,1.13239552575,0.0287,0.0264,1.0
3268,106.13190953225,1.14326192339,0.3765,0.3463,0.8559456075420917
3272,106.16043783021,1.13239501237,0.0547,0.05,1.0
3277,106.1627346929,1.1320750067,0.044,0.0404,0.9258932353256704
3280,106.16704863882,1.12602223105,0.449,0.46,0.7479166988731726
3284,106.14231724345,1.15660936063,0.0493,0.0449,1.0
3285,106.15407084902,1.14607028061,0.1449,0.1279,0.7442965642429631
3287,106.14211615903,1.15186847389,0.1194,0.1069,1.0
3298,106.1378860311,1.15851838997,0.2148,0.1883,1.0
3299,106.14694605468,1.15832944984,0.2721,0.2439,0.8296362815484462
3304,106.14282427055,1.15526625369,0.2694,0.2446,1.0
3305,106.13452172213,1.15134882624,0.2387,0.2113,0.754279082571872
3307,106.14935972804,1.14745193832,0.1642,0.1454,1.0
3314,105.89284351265,0.97490787619,0.0716,0.0641,1.0
3318,105.8840200551,0.97137158771,0.1233,0.111,0.7587258358065782
3330,105.90152240581,0.96844686781,0.2871,0.2654,0.9215950135162885
3333,105.88275149623,0.98997369726,0.0608,0.0541,1.0
3334,105.8785475999,0.99008442584,0.1635,0.1357,0.909166800014945
3345,105.9107462902,0.99554556895,0.2439,0.2187,0.9113345257086529
3348,105.90969465192,1.00145772037,0.0779,0.0703,0.9444215860950237
3350,105.89820480832,0.98243266307,0.0348,0.0312,1.0
3358,105.91584968175,0.98013234011,0.1292,0.1166,0.9788612278765068
3365,105.91258747117,0.98522634417,0.1247,0.1127,1.0
3372,105.91578819013,0.99551757796,0.0555,0.0497,1.0
3373,105.9190825112,0.99317573941,0.1248,0.1126,1.0
3376,105.89320285045,0.98946507674,0.211,0.191,0.7641936495138344
3378,105.94273173505,1.00748808597,0.1377,0.1251,0.9271411704111171
3381,105.93236447661,0.99684309705,0.1117,0.1003,1.0
3385,105.92451781605,1.01228660783,0.0264,0.0239,0.9877090021002993
3388,105.91819196517,1.00828851909,0.1151,0.1033,1.0
3393,105.91033091465,1.00577830925,0.3633,0.3312,1.0
3394,105.93037012248,1.00162245436,0.0642,0.0579,0.9248878844436162
3395,105.92439119005,1.01937172487,0.0696,0.0605,1.0
3396,105.92088101993,1.00383203489,0.3561,0.3259,0.7692356718136713
3402,105.93521074836,1.00075726486,0.0417,0.0379,0.7670203723053969
3403,105.93422289864,1.02113539903,0.0528,0.0479,1.0
3405,105.92717953371,1.02061346835,0.1575,0.1421,1.0
3408,105.93066841381,1.00071684604,0.1051,0.0948,1.0
3409,105.92454765334,1.00698581774,0.0718,0.0647,0.8706335313786613
3419,105.92408596472,1.01564536179,0.0962,0.0867,0.8960541904111593
3421,105.94559666313,1.00476082052,0.2749,0.2479,0.9452017624755663
3423,105.91876112134,1.00741198204,0.1849,0.1656,1.0
3425,105.93445358112,1.01950172349,0.0522,0.0474,1.0
3430,105.87527900331,0.99933775501,0.131,0.1168,1.0
3435,105.891218001,0.9953400542,0.2137,0.1895,1.0
3437,105.8881207086,0.99329675049,0.2167,0.2012,0.9970786135084729
3442,105.88921128934,1.01346163314,0.1795,0.1504,0.9739357783805951
3446,105.89240184827,1.00973215633,0.3149,0.263,1.0
3451,105.87822804671,1.00443388949,0.1109,0.0937,0.9877306025438537
3454,105.88918769234,0.99733878641,0.0436,0.036,0.7759113034654922
3456,105.88819247475,1.01823729812,0.1932,0.1691,1.0
3460,105.8965797356,1.00028873483,0.09,0.0744,1.0
3463,105.88356173873,1.00494676991,0.2033,0.1803,0.9647422814643732
3465,105.90291661571,1.00397734557,0.0424,0.0375,1.0
3466,105.88338151497,1.0203195757,0.039,0.037,0.8358369000852462
3468,105.88970427881,0.99939280002,0.162,0.1374,0.7820655502801015
3469,105.87197625509,1.00795522169,0.2425,0.2147,0.9235628935342629
3504,105.89129219036,1.02478242662,0.1813,0.1497,1.0
3505,105.89959244306,1.0226033176,0.403,0.388,0.9997360551140303
3507,105.91994425163,1.02016913323,0.0632,0.0522,1.0
3508,105.9121997002,1.01997770145,0.3168,0.2874,0.9113345257086529
3509,105.90376554781,1.01815167915,0.1553,0.1435,1.0
3511,105.91158095912,1.03651035531,0.0613,0.0545,1.0
3514,105.89659619331,1.02255463303,0.0914,0.0842,0.8855858670315218
3515,105.8947292453,1.02290250442,0.0777,0.0692,0.9725806201191861
3518,105.90430452586,1.02038475884,0.167,0.1427,0.7567035775641814
3520,105.91206403887,1.01453396053,0.1935,0.1614,1.0
3521,105.89750891181,1.02776513109,0.1176,0.1061,1.0
3523,105.94134783522,1.01976898521,0.0711,0.0633,1.0
3525,105.96286610732,1.01716489058,0.0628,0.0585,1.0
3529,105.95106501944,1.03683806521,0.1242,0.1114,1.0
3530,105.95721839828,1.03957716541,0.2012,0.1792,0.9385980631859918
3532,105.96521114732,1.02980029791,0.2487,0.2227,1.0
3536,105.96006329829,1.02886657725,0.1369,0.1236,1.0
3544,105.96755075294,1.02548033968,0.9072,0.8838,0.8518237746415015
3546,105.96645363056,1.0207734391,0.0657,0.0613,0.8369158013493314
3550,105.94219690623,1.02962863858,0.0604,0.0552,1.0
3567,105.95498884806,1.01696125718,0.0668,0.0613,1.0
3570,105.96566975963,1.02261736354,0.1087,0.098,1.0
3572,105.95499733695,1.0337318649,0.0291,0.027,0.8212856157130857
3581,105.98787571516,1.04188090541,0.2218,0.201,1.0
3585,105.97375405177,1.03540258261,0.2304,0.2086,0.8608449713119424
3587,105.97945916439,1.03453519054,0.0875,0.08,1.0
3589,105.98845271391,1.04965588134,0.1815,0.1639,1.0
3594,105.97849239228,1.03749290216,0.2722,0.2436,0.7440901994018584
3595,105.96329522828,1.04524937424,0.0646,0.0578,1.0
3598,105.98322278673,1.03649040558,0.1522,0.1438,1.0
3600,105.97397084244,1.0464683002,0.0382,0.0347,1.0
3602,105.97841616302,1.04287352656,0.1702,0.1539,1.0
3605,105.98723038798,1.05172202595,0.7462,0.7196,0.8626056649829708
3606,105.98273305999,1.03673987483,0.1046,0.1023,0.8012786045881632
3607,105.96942612395,1.0514224707,0.0497,0.0403,1.0
3608,105.9723900629,1.0324619608,0.1252,0.1149,1.0
3612,105.99259152174,1.04413681631,0.3111,0.2906,0.8513011527389606
3613,105.97410406896,1.03054517837,0.1374,0.1257,1.0
3616,105.99347598315,1.04384115848,0.2358,0.2143,1.0
3623,105.95896329371,1.04887996826,0.1462,0.1206,1.0
3625,105.98357650582,1.04489365597,0.3788,0.3518,1.0
3632,105.98057794576,1.04373908822,0.337,0.3214,0.9460746127633085
3637,105.97992637292,1.05329378944,0.0444,0.04,0.8110855728694434
3642,105.9598883717,1.05010684538,0.0612,0.0551,0.7680426014776938
3645,105.9607942807,1.04617265321,0.651,0.5491,0.9345814328211319
3647,105.98384908131,1.04758024364,0.2715,0.2443,0.7757985414869722
3648,105.95766301352,1.04349742051,0.1497,0.1228,1.0
3649,105.97889617077,1.03838661355,0.5675,0.5773,1.0
3656,105.92017947872,1.05305450617,0.1141,0.1016,1.0
3657,105.93851669383,1.03834688037,0.0389,0.0353,0.7950527627650319
3658,105.93035443924,1.04697472601,0.0871,0.0788,1.0
3661,105.92893925962,1.02830135733,0.1073,0.0961,1.0
3662,105.92084220832,1.04140127409,0.0964,0.0846,0.9302435305046975
3665,105.93266700511,1.04311140932,1.2955,1.0905,1.0
3667,105.93092130173,1.04705438486,0.1315,0.1182,0.9214168960656972
3674,105.93005769451,1.03295372405,0.0397,0.0359,1.0
3684,105.92724455828,1.05298478029,0.1876,0.1665,0.8123109247777779
3687,105.91664615244,1.05087516902,0.3673,0.3292,0.7942124814924676
3689,105.91763188845,1.04506618276,0.1713,0.152,0.9428767663386172
3690,105.91936873034,1.04560822985,0.1701,0.1508,1.0
3691,105.94252905194,1.04434431305,0.0295,0.0265,1.0
3693,105.92404193762,1.04320412992,0.1254,0.111,0.9215950135162885
3694,105.93760888171,1.04280556465,0.0738,0.0649,1.0
3698,105.92633772333,1.05866750019,0.1903,0.1701,1.0
3707,105.92954835175,1.05133701418,0.2249,0.1977,1.0
3712,105.9649792386,1.06982092122,0.5776,0.5274,1.0
3713,105.95243614124,1.08067279464,0.4545,0.4151,1.0
3714,105.94229778366,1.05815731936,0.6165,0.7017,0.7350328595815095
3715,105.94206538069,1.06593078216,0.0329,0.0292,1.0
3719,105.94150041372,1.07258916523,0.0389,0.035,0.8187166252244896
3729,105.9670100378,1.06407833979,0.1596,0.1312,1.0
3731,105.94686575338,1.06191640037,0.1222,0.1073,0.9226124719165448
3733,105.95813326931,1.07364243897,0.0387,0.0346,0.7455763581275315
3740,105.94207266689,1.0705463969,0.1569,0.1369,0.8322248239543537
3744,105.95766756508,1.04971976103,0.2127,0.189,1.0
3749,105.95037254992,1.04709243983,0.1672,0.146,0.7952622445684645
3755,105.96842767493,1.06581325118,0.3486,0.2877,1.0
3757,105.86820126968,1.03621384755,0.0448,0.0432,1.0
3760,105.86848971584,1.03320769613,0.0683,0.0613,1.0
3765,105.8722191053,1.02526243403,0.4044,0.382,0.8898742607802044
3781,105.88710566359,1.05145850494,0.245,0.216,0.8146449963815541
3789,105.87411668854,1.04741706625,0.108,0.0969,0.8661156483153685
3796,105.89747397832,1.04370342227,0.1039,0.0918,1.0
3799,105.89466703546,1.0343363902,0.1904,0.1685,0.7822819628901949
3801,105.90049346481,1.04402560861,0.0516,0.0469,1.0
3803,105.89623573152,1.04531599704,0.1565,0.1383,1.0
3806,105.8929378716,1.05241883593,0.1869,0.1644,1.0
3814,105.88730632221,1.03856521703,0.0959,0.0874,0.8830213822914762
3817,105.8959401854,1.04791313053,0.1856,0.1644,0.7663995837859734
3818,105.87262417748,1.04090989833,0.0698,0.0622,0.768758320795837
3820,105.88465597179,1.03605513574,0.1181,0.1064,0.9877220231939715
3822,105.90549683381,1.04499508048,0.0557,0.0509,1.0
3825,105.87762112728,1.07023289279,0.1275,0.1123,1.0
3827,105.87687312452,1.06285092043,0.2515,0.2248,1.0
3831,105.87095742712,1.05026565941,0.2531,0.2235,0.758743711102064
3834,105.8753545242,1.05494371431,0.2258,0.1976,1.0
3838,105.86807553355,1.0554113311,0.0709,0.0639,1.0
3840,105.86667900065,1.05180379796,0.3524,0.3137,0.9630872955125164
3841,105.90306022272,1.06522551617,0.3752,0.3354,1.0
3843,105.91134843481,1.05116980555,0.1673,0.1521,1.0
3845,105.89396410657,1.06962726686,0.0551,0.0492,1.0
3849,105.91320486558,1.05877503126,0.1008,0.0893,1.0
3850,105.89960386513,1.06946773718,0.0752,0.0646,1.0
3851,105.91935116634,1.05513554385,0.1004,0.0892,1.0
3852,105.91469709793,1.07025854364,0.2326,0.2069,1.0
3861,105.89563394664,1.0565823574,1.1743,1.0636,1.0
3864,105.89596431341,1.0624412386,0.0948,0.0844,0.9858299633584224
3865,105.90436665055,1.06217454767,0.0984,0.085,1.0
3867,105.91544884418,1.06180204732,0.2157,0.1907,0.7563302396168192
3868,105.89778631396,1.05362330032,0.1334,0.1202,0.8652590140358669
3871,105.90563528182,1.05155691131,0.1078,0.0957,1.0
3873,105.92093754169,1.0575915768,0.2195,0.1968,0.7976379816628618
3875,105.90726820858,1.05729706858,0.4306,0.4047,1.0
3876,105.89677429549,1.05597282261,0.172,0.1538,1.0
3880,105.90563622058,1.05427862515,0.1295,0.1145,1.0
3883,105.90495431698,1.04776169138,0.0697,0.063,1.0
3889,105.93729978832,1.07051157748,0.1909,0.1664,0.9797944266525959
3892,105.93363302665,1.0898359346,0.1048,0.0921,1.0
3893,105.92923275605,1.09886030827,0.6068,0.5464,0.8914885525648336
3894,105.94420825254,1.08833531881,0.0265,0.0236,0.9624599472284424
3897,105.93392271777,1.08730885935,0.1165,0.1038,1.0
3900,105.92655001441,1.09193509474,0.2352,0.2032,0.9199764701240835
3906,105.94816267842,1.0805633738,0.6998,0.6382,0.8354778224847388
3907,105.94496335947,1.08269798168,0.1229,0.1073,0.9708190374525966
3908,105.94509887858,1.07818354903,0.1843,0.1608,1.0
3909,105.94431187799,1.08268687312,0.0973,0.0854,1.0
3916,105.94715492566,1.08492109711,0.0996,0.0874,1.0
3918,105.91304291214,1.08559344057,0.2346,0.2053,1.0
3927,105.94316276675,1.0770007512,0.2329,0.2116,1.0
3936,105.91837318756,1.07696618184,0.0235,0.0212,1.0
3940,105.92799786343,1.06783322489,0.1501,0.1325,1.0
3945,105.91919045241,1.07767763455,0.0617,0.0559,0.9325537272466594
3955,105.87874042884,1.08191824239,0.1901,0.1687,1.0
3962,105.89758466734,1.08597581713,0.1178,0.1065,1.0
3966,105.88346841286,1.08527915156,0.1457,0.1279,0.9181155227211211
3971,105.89121834707,1.08930876132,0.1253,0.1106,1.0
3973,105.88053736994,1.07772863844,0.1637,0.1465,0.8929890636650019
3975,105.8898182522,1.09388633908,0.0942,0.0886,1.0
3976,105.88795759152,1.07688670352,0.1427,0.1288,1.0
3983,105.91657150311,1.10367216486,0.0366,0.0325,0.9357371768652397
3984,105.92198478101,1.09888453049,0.0314,0.0279,1.0
3986,105.92467158989,1.0991168326,0.1654,0.1426,0.8449508454117571
3989,105.92632875769,1.10366207751,0.0655,0.0581,0.8305849140209532
3995,105.90511693227,1.09365683829,0.3687,0.3279,0.9568150549440817
3999,105.90539504739,1.10442523848,0.0908,0.0895,1.0
4001,105.89162247795,1.10445533078,0.2284,0.2078,1.0
4004,105.89702115745,1.10329008841,0.2013,0.1895,1.0
4007,105.90366496872,1.11071976431,0.1205,0.1136,0.8810582456684499
4009,105.90157542085,1.11195839438,0.1986,0.1833,0.738645108495973
4017,105.9149313311,1.11003206576,0.6719,0.5925,1.0
4021,105.90493644689,1.09928624836,0.1532,0.1351,1.0
4022,105.90991257049,1.0876018185,0.0837,0.0767,1.0
4042,105.88663521996,1.1110237992,0.1001,0.0908,1.0
4045,105.89295819053,1.10778984034,0.0478,0.0435,1.0
4056,106.00879777562,1.06704829684,0.08,0.0726,1.0
4061,105.9799877829,1.06019356246,0.0432,0.035,1.0
4064,106.00817911476,1.06750419849,0.0785,0.0719,1.0
4066,105.99500874924,1.07624163209,0.1848,0.1636,0.8401706675311538
4068,105.98223817445,1.05933354994,0.5488,0.504,1.0
4071,105.98558297184,1.05743516323,0.1696,0.1548,0.936602033719476
4076,105.99210436531,1.05723977624,0.1695,0.1529,0.9377841810661357
4077,105.98322880959,1.06316225003,0.1153,0.095,0.8822753306614565
4078,105.98948252995,1.06343833865,0.2807,0.2522,0.8328659452612406
4086,106.00463538802,1.06655475876,0.0438,0.0417,1.0
4088,106.00001889682,1.07515918474,0.0444,0.0371,1.0
4093,105.99632196395,1.07325488538,0.1951,0.1606,1.0
4097,105.9814817917,1.05754254148,0.0843,0.0758,1.0
4100,105.99377744754,1.06953994615,0.0381,0.0311,1.0
4103,105.99151781877,1.07544213943,0.0379,0.0341,1.0
4104,105.99154907012,1.07148714966,0.0318,0.0288,1.0
4109,106.01280494223,1.0587675776,0.1397,0.1301,1.0
4110,105.98396339929,1.06808625024,0.1289,0.114,1.0
4112,106.00358224086,1.08693331446,0.1248,0.1037,1.0
4114,106.02375110644,1.07055242604,0.0317,0.0294,1.0
4116,106.01426810785,1.07512381197,0.0497,0.0451,1.0
4117,106.01656030979,1.07211122883,0.3303,0.2991,0.7685419978242503
4118,106.02145342379,1.08890105799,0.8664,0.6625,0.78627174026874
4120,106.01179314949,1.08520288041,0.1277,0.1059,1.0
4121,106.01200675243,1.07146658903,0.2315,0.2116,1.0
4122,106.0193239791,1.08483896093,0.1462,0.1296,1.0
4123,106.00454784489,1.0762448238,1.075,0.9223,0.7630833214338161
4124,106.02126279296,1.08468560201,0.055,0.05,1.0
4127,106.01558615073,1.06641703558,0.3036,0.282,1.0
4128,106.03579620228,1.0790469455,0.0404,0.0373,1.0
4134,106.01252577977,1.08606052976,0.3137,0.2781,0.9483087480186699
4136,106.02417484378,1.0883541086,0.0747,0.0667,1.0
4137,106.00955164346,1.08441107198,0.0558,0.0506,1.0
4143,106.02325377005,1.09217991145,0.1439,0.1199,1.0
4144,106.01426784806,1.06936172635,0.1207,0.1115,1.0
4145,106.00604701117,1.08728551021,0.0409,0.0362,1.0
4147,106.02397205911,1.0762180892,0.099,0.09,1.0
4148,106.03027514165,1.08280809269,0.126,0.1137,1.0
4152,106.03137978739,1.08096629696,0.1166,0.1045,1.0
4155,106.03632543505,1.08260675893,0.5362,0.5428,1.0
4156,106.00859212898,1.0812499104,0.1103,0.0919,1.0
4157,106.02447329935,1.0831811695,0.5975,0.5887,0.8294116626502086
4160,106.02633936454,1.08502391323,0.1967,0.1792,1.0
4161,106.02528535569,1.07320458213,0.0526,0.0474,1.0
4165,106.02836784708,1.07491954743,0.0366,0.0338,1.0
4170,106.01165606761,1.0763249321,0.0444,0.0433,1.0
4173,106.01395357234,1.06714929065,0.0443,0.0415,1.0
4176,106.01747035838,1.07057779379,0.0389,0.0359,1.0
4177,106.0024741242,1.08427066893,0.037,0.0314,0.9788612278765068
4180,106.0252937627,1.08217495482,0.2329,0.2121,0.8515759225770929
4185,106.01114797955,1.09116556403,0.1696,0.1466,1.0
4192,106.03031848648,1.08938957481,0.0263,0.0244,1.0
4193,106.03400513944,1.08573943152,0.125,0.1126,1.0
4195,105.96608323217,1.08613988557,0.0392,0.0361,1.0
4197,105.96955566697,1.09020426768,0.5153,0.6131,1.0
4201,105.98827531065,1.08725646242,0.034,0.03,1.0
4202,105.96447558558,1.07392399971,0.0293,0.0264,0.9357371768652397
4203,105.97096172998,1.06595899902,0.0742,0.0642,1.0
4204,105.97624585048,1.06734356982,0.1012,0.0893,1.0
4206,105.9628058368,1.09050417982,0.2764,0.2371,0.8106764070859592
4207,105.97302275014,1.06734008243,0.1417,0.1182,1.0
4211,105.97063711832,1.07499024241,0.1612,0.141,0.7948735527101395
4221,105.98815297117,1.08202782974,0.0521,0.0468,1.0
4222,105.95905949918,1.08524004778,0.3802,0.3385,0.8097992444363421
4223,105.97649321496,1.09009593633,0.1321,0.1166,1.0
4224,105.98824241252,1.08463211905,0.0603,0.0543,1.0
4229,105.97122235191,1.08479702595,0.2559,0.2266,0.7479166988731726
4230,105.97013479783,1.08850325969,0.1368,0.1222,1.0
4231,105.97105826446,1.08884759272,0.0295,0.0269,1.0
4237,105.9675690568,1.07962768725,0.5613,0.5082,1.0
4239,105.97015522934,1.07695423976,0.0674,0.0599,1.0
4242,105.9800508305,1.07982917429,0.0595,0.054,1.0
4243,105.9863527926,1.07493054284,0.0549,0.0489,1.0
4244,105.97581939912,1.08409079728,0.053,0.0487,1.0
4245,105.97170761953,1.08335494139,0.1379,0.1197,0.810210425353183
4249,105.98705973545,1.07733889461,0.0832,0.0698,1.0
4258,106.00418979844,1.09895221005,0.062,0.0544,1.0
4261,105.99487397455,1.08944106998,0.0758,0.0672,1.0
4262,106.00092371782,1.0893237797,0.1443,0.1187,1.0
4265,105.98944868331,1.08907894879,0.1401,0.1236,1.0
4266,105.9949095385,1.09685369023,0.0314,0.0281,1.0
4268,106.00477831034,1.10111285318,0.0228,0.0203,1.0
4269,105.99170065273,1.08718180488,0.2194,0.1907,0.8082476481720855
4271,105.99480393856,1.09637552344,0.4543,0.4643,1.0
4275,105.99509325193,1.09817007308,0.1506,0.1299,0.8625925552916214
4277,105.98299030677,1.09465061906,0.2278,0.1987,1.0
4280,105.99996949185,1.10365804619,0.0945,0.0828,1.0
4291,106.01264534273,1.09719738437,0.1235,0.1029,1.0
4292,105.98719246502,1.10226473813,0.2368,0.2138,1.0
4305,106.02930130035,1.10859561582,0.1063,0.0899,1.0
4306,106.04016611337,1.10189032777,0.1282,0.1071,1.0
4309,106.05040501692,1.10282463872,0.0434,0.0413,1.0
4310,106.04993841046,1.10981847441,0.0713,0.0596,1.0
4312,106.05896620183,1.10191885376,0.0565,0.0509,1.0
4313,106.04480260035,1.09328323631,0.2048,0.1741,0.9060552231932055
4314,106.03874647026,1.09072422678,0.0471,0.0436,0.9526951159141792
4319,106.0460266095,1.08867278444,0.1505,0.1347,1.0
4320,106.05153970852,1.101222593,0.102,0.0923,1.0
4321,106.04712483019,1.11109422135,0.2336,0.2079,1.0
4327,106.05538370768,1.09488125233,0.065,0.0591,1.0
4328,106.03549435838,1.10241097538,0.159,0.1448,1.0
4329,106.02065374279,1.10242843209,0.1975,0.164,1.0
4336,106.0392903007,1.08506320509,0.083,0.0763,1.0
4337,106.04651939983,1.10732002519,0.0835,0.0698,0.8297366330251947
4339,106.05130678801,1.09532746209,0.2413,0.2136,1.0
4341,106.05640735627,1.10378876565,0.4671,0.4632,0.9062854880529668
4346,106.01942432313,1.09936409699,0.0494,0.0423,1.0
4350,106.04490814409,1.11032612487,0.1214,0.1089,1.0
4351,106.03426134067,1.08845598051,0.0306,0.0281,1.0
4352,106.03722600804,1.08584142619,0.0948,0.0858,1.0
4358,106.04355621625,1.09606887972,0.1127,0.1015,1.0
4359,106.03779742593,1.09735226418,0.2089,0.1858,1.0
4360,106.06950984594,1.10850534612,0.1083,0.0973,1.0
4366,106.06823359277,1.13159912102,1.1933,0.8684,1.0
4367,106.05186338155,1.11833855008,0.0426,0.0389,1.0
4369,106.05259138885,1.12003546516,0.0383,0.0342,1.0
4372,106.05513334836,1.11104488115,0.223,0.1841,0.9153137893123088
4374,106.04352847716,1.11673344785,0.0553,0.048,1.0
4376,106.06749443446,1.13156084107,0.1255,0.1063,1.0
4379,106.06739642914,1.10999547582,0.2109,0.1871,1.0
4381,106.06252904888,1.1267085117,0.3273,0.272,0.9504460118614857
4383,106.05977390822,1.12829069524,0.1626,0.137,1.0
4384,106.06343360575,1.10438695494,0.1613,0.1451,1.0
4386,106.06856077844,1.11435200569,0.164,0.1465,0.8730243630281185
4387,106.06319463168,1.13404399323,0.7401,1.0869,0.7541525239169761
4392,106.07134307238,1.12311050529,0.5861,0.5801,1.0
4394,106.07525998386,1.12337493559,0.0373,0.0359,1.0
4395,106.07669791279,1.1232826884,0.0501,0.046,1.0
4397,106.05069572986,1.1122647946,0.0685,0.0574,1.0
4405,106.06956260856,1.11405070692,0.3567,0.3253,1.0
4408,106.06301974523,1.12553849022,0.1479,0.1309,1.0
4416,106.02525788325,1.1225489701,0.025,0.0222,0.873815516677013
4417,106.01290026985,1.11578667492,0.0728,0.0644,1.0
4418,106.02426589777,1.11723243998,0.0304,0.027,1.0
4421,106.00078903014,1.11778759796,0.104,0.0915,1.0
4423,106.01022515858,1.13112506403,0.1146,0.1022,1.0
4426,106.03392319066,1.11955974269,0.1714,0.1503,1.0
4428,106.03356086404,1.1174869462,0.0879,0.0781,1.0
4429,106.03897758092,1.11996204758,0.0334,0.0311,0.7815355758076524
4430,106.02266254199,1.11868567998,0.0903,0.0794,1.0
4432,106.02421935063,1.11486905057,0.2339,0.2042,0.9868418175117201
4438,106.00567325846,1.12243657289,0.9959,0.8973,0.7721486551355098
4441,106.00918227552,1.10883814786,0.1819,0.1589,1.0
4444,106.00817930227,1.12699418041,0.0343,0.0305,0.9351487050347685
4451,106.00936909001,1.11085156568,0.0316,0.0281,0.9248878844436162
4453,106.01862639097,1.10571860108,0.0981,0.0862,1.0
4454,106.01181133332,1.12189666481,0.052,0.0459,0.7791400095022057
4455,106.03313938622,1.12912802036,0.0312,0.0278,0.8554416156483441
4456,106.05937412386,1.13615790412,0.1235,0.1128,1.0
4459,106.0297081818,1.13217257645,0.0584,0.0516,0.7821202279385375
4460,106.04267637578,1.14639775778,0.2499,0.2149,0.9377360006859455
4464,106.02115160593,1.1352020967,0.0372,0.033,1.0
4466,106.03921646645,1.12089947232,0.1155,0.1044,1.0
4467,106.05196804096,1.12964457215,0.0799,0.0752,0.9596612021598645
4469,106.03535120824,1.14163692014,0.3583,0.316,0.835491814814217
4471,106.02392451418,1.13433195939,0.0294,0.026,0.7950734933014234
4473,106.02466595628,1.13586611353,0.1605,0.1384,1.0
4474,106.03742478665,1.12927922564,0.2923,0.2554,0.7681179307587305
4478,106.0365780502,1.14859997628,0.0668,0.0589,1.0
4480,106.04910768911,1.1397266144,0.0774,0.0695,1.0
4481,106.0529465753,1.14043629437,0.0263,0.0234,1.0
4483,106.03247022371,1.13243681219,0.1086,0.0947,1.0
4489,106.03721060759,1.15167265172,0.5234,0.4884,0.8124548455351391
4490,106.03222530513,1.13243341816,0.1569,0.1367,1.0
4508,106.02026868414,1.1384818115,0.0375,0.0336,1.0
4511,105.94874712263,1.11570890537,0.2235,0.1988,1.0
4521,105.94762302303,1.09438789286,0.171,0.1499,0.9590242268574394
4524,105.95265379533,1.10473450011,0.2598,0.2234,0.9064992257395849
4527,105.94136822147,1.10229068234,0.1884,0.1633,1.0
4529,105.94230185107,1.10826724021,0.1382,0.1226,0.9847193174100105
4530,105.95060380057,1.10813689121,0.0699,0.0615,0.8863227915509954
4534,105.96482722075,1.10228260633,0.034,0.0303,1.0
4541,105.95657977832,1.08568316732,0.0517,0.0473,1.0
4545,105.95716779871,1.09555575351,0.0943,0.0827,0.8927543448128138
4546,105.95107917282,1.10204741157,0.2009,0.1749,0.8060013363059395
4548,105.96380519346,1.09255150151,0.0419,0.037,1.0
4555,105.9722730466,1.11079143481,0.184,0.1603,1.0
4556,105.9659631203,1.11620798264,0.0544,0.0484,1.0
4558,105.97714061615,1.11151933839,0.0594,0.0532,1.0
4563,105.96790570954,1.12457517087,0.0476,0.0428,1.0
4564,105.9686762513,1.12405706035,0.1064,0.0937,1.0
4565,105.97723889509,1.12756288535,0.0899,0.0781,1.0
4566,105.9828371852,1.12412703881,0.0918,0.081,0.8684243477747348
4569,105.98753118912,1.12165354602,0.5609,0.5101,1.0
4575,105.97192934797,1.11879735232,0.2169,0.1942,1.0
4586,105.97082322579,1.12521603063,0.3624,0.3395,1.0
4589,105.96386970013,1.11223450082,0.0416,0.0371,0.9892827725311346
4590,105.98109177978,1.10738981073,0.1494,0.1387,0.9216986127577941
4592,105.96042668632,1.11273584196,0.0355,0.0316,1.0
4594,105.96808175949,1.11286744467,0.4313,0.3857,0.8550913918680588
4597,105.98195635484,1.11277682547,0.0278,0.0249,1.0
4598,105.9753579322,1.10357553825,0.0238,0.0214,0.7637194704018673
4600,105.99216410401,1.11990682016,0.1134,0.1036,0.8752460808226213
4604,105.96527885229,1.11059410581,0.0359,0.0321,1.0
4605,105.97148868722,1.11081810578,0.2582,0.2196,0.9098656154668141
4610,105.94146819091,1.12295681373,0.0919,0.0813,1.0
4613,105.93624860032,1.12066833014,0.127,0.1105,1.0
4614,105.91435821918,1.11560897591,0.0369,0.0343,1.0
4618,105.92983393564,1.12059408872,0.6071,0.5282,1.0
4624,105.92479661844,1.10829006096,0.1904,0.1648,0.7359475384852092
4627,105.91512509156,1.11413913837,0.2318,0.2166,1.0
4632,105.93949448261,1.12231654203,0.0246,0.0218,0.9145899183979093
4635,105.94622484845,1.12223068528,0.0832,0.0742,1.0
4638,105.92098068031,1.12177544723,0.0718,0.0665,0.8037633039471167
4639,105.93378062154,1.13462756338,0.0931,0.0896,1.0
4643,105.94242111077,1.12230857343,0.2772,0.2383,0.9689201796588638
4646,105.93273106684,1.12354650001,0.2902,0.2801,1.0
4648,105.93048871242,1.12430298956,0.0611,0.0568,1.0
4651,105.94590333796,1.13908418256,0.2117,0.2006,1.0
4652,105.96176371907,1.14444622122,0.213,0.1964,0.7963588878627849
4655,105.95035009023,1.13826399544,0.0496,0.0458,1.0
4660,105.94701200803,1.13665170327,0.1044,0.0978,1.0
4662,105.94199924131,1.13580477283,0.1584,0.1476,0.7456415081043206
4664,105.94465511073,1.13169225974,0.0712,0.0667,1.0
4667,105.93707056867,1.14088817483,1.1684,1.1344,0.8217415517125657
4669,105.95891297429,1.1398608704,0.27,0.2365,0.7989583389025885
4671,105.96226785737,1.12894594012,0.2343,0.2008,1.0
4684,105.94838004178,1.13718154865,0.3836,0.4002,0.7503842631928622
4686,105.94011759862,1.14238754742,0.8691,0.7575,0.8508105058977637
4690,105.95672481776,1.15192895713,0.0672,0.0617,1.0
4691,105.95629400782,1.14355057437,0.1413,0.1296,0.9713168615622576
4692,105.93900733577,1.13984638731,0.1367,0.1286,0.9605063171478773
4694,105.99229646293,1.14163609094,0.34,0.3009,0.8147213877441953
4696,105.99984389455,1.13806479208,0.16,0.1389,1.0
4698,106.01444800157,1.13758044518,0.5857,0.5402,1.0
4701,105.98618798717,1.14701250128,0.2526,0.2178,0.9166586930684338
4706,105.99826170745,1.13786016895,0.8773,0.7821,0.8328154050627764
4707,105.99428840625,1.14136846495,0.2531,0.219,1.0
4722,105.99750749154,1.13331819329,0.2146,0.1844,1.0
4723,106.00535940323,1.13147518883,0.1286,0.112,1.0
4726,106.00008188972,1.1325281622,0.1869,0.164,1.0
4727,105.99601546029,1.12471664233,0.2826,0.252,0.9188730559074828
4745,106.00685542126,1.14129265519,0.182,0.1585,1.0
4752,106.00814260806,1.14735531535,0.1738,0.1514,0.7459273512208608
4754,106.02282054008,1.14748829808,0.3238,0.2811,1.0
4756,106.00530690408,1.15622925764,0.0528,0.0468,1.0
4757,106.02242562497,1.16931636879,0.0756,0.0677,0.9579243211379154
4759,106.00509237053,1.15860179018,0.2603,0.2232,1.0
4760,106.02607193976,1.14647530654,0.0448,0.0397,1.0
4766,106.0206128644,1.16366708177,0.491,0.4438,0.9814936804477284
4772,106.01986420994,1.16734310075,0.5123,0.4757,1.0
4777,106.01414422129,1.16602023058,0.2379,0.2034,0.7832714081463248
4780,106.02324447162,1.15622700461,0.0674,0.0616,1.0
4783,106.02167953669,1.15059224982,0.7738,0.6887,1.0
4784,106.01870581816,1.17006308079,0.0751,0.0664,1.0
4793,106.00998133876,1.1497354703,0.1248,0.1086,0.7850085485842864
4795,106.00374025291,1.15242830302,0.1072,0.094,0.976491896646487
4796,106.02136256373,1.14368743859,0.1604,0.139,1.0
4798,106.01778997716,1.16149157765,0.6696,0.6009,0.8441819110484919
4799,106.03122955449,1.15050013537,0.2807,0.2398,1.0
4805,106.02027316199,1.15284419511,0.172,0.1535,1.0
4807,106.02332781884,1.152499617,0.4149,0.3796,0.8598163677954691
4812,105.98505075631,1.14928528515,0.0654,0.0572,1.0
4813,105.96503507819,1.1667991434,0.4658,0.4783,1.0
4814,105.98346688027,1.15745948269,0.051,0.0448,0.7781238990184147
4817,105.96666040263,1.1640229747,0.104,0.0963,0.9938454206642094
4819,105.98150768997,1.15883187607,0.1548,0.1422,1.0
4828,105.96298875139,1.16461443677,0.1819,0.1714,1.0
4833,105.97750081396,1.1478619658,0.44,0.3887,0.7367115352048108
4848,105.97817660398,1.14156577747,0.0758,0.0659,0.9415769916656611
4852,106.00612393897,1.17451815446,0.2967,0.2568,0.8130214477238443
4857,105.99111156858,1.16672544461,0.0508,0.047,1.0
4858,105.99088560559,1.17036319711,0.0273,0.0253,1.0
4860,105.99781434719,1.16313416337,0.1521,0.1313,0.9825646726917953
4863,106.00139525877,1.16806526734,0.279,0.2383,0.9905486764720223
4871,106.01129136243,1.17011954803,0.0785,0.0687,0.9326700427884059
4873,106.00073890964,1.1758294612,0.0663,0.061,1.0
4875,105.99618655144,1.18815387174,0.0776,0.0716,1.0
4878,106.0053667188,1.17782395581,0.0471,0.0437,1.0
4880,105.99396407927,1.16190429355,0.1165,0.1008,1.0
4883,105.99873675891,1.18228469306,0.7223,0.7317,1.0
4884,105.99454722016,1.19228293279,0.053,0.047,1.0
4886,106.00868033007,1.17663646258,0.3009,0.2814,1.0
4888,105.9863688724,1.18367549352,0.7485,0.7419,0.9578511577916208
4889,105.9966923612,1.18154928528,0.6868,0.7126,0.8933865393296141
4898,105.99423763879,1.17850296153,0.1743,0.1618,0.8697437062362652
4907,106.09166558505,1.13564639527,0.5446,0.5722,1.0
4911,106.06799499365,1.14155399016,0.0616,0.0564,1.0
4912,106.08500044038,1.13065063842,0.0848,0.0759,1.0
4913,106.09547708483,1.12935978057,0.0837,0.0788,1.0
4920,106.07893640624,1.13406957824,0.2226,0.197,1.0
4927,106.07594022707,1.13526768758,0.0347,0.0313,0.9790162253355879
4932,106.08926715465,1.13631644286,0.1637,0.1401,0.9936366884264691
4933,106.07687894031,1.12716114885,0.1942,0.1623,0.8250155607656382
4939,106.08859836576,1.13676692228,0.2424,0.211,0.7617160314755345
4940,106.08311342235,1.14539824781,0.464,0.4542,0.8035306794207387
4943,106.07539713242,1.14194336493,0.132,0.1174,0.865155504373749
4944,106.09354118976,1.14148401576,0.147,0.1236,1.0
4949,106.10658788962,1.14718494309,0.1549,0.1294,0.875963573672867
4951,106.11570648914,1.14607864366,0.1014,0.0909,1.0
4955,106.11271853349,1.16907912742,0.5059,0.4911,0.9371250938341502
4956,106.09993431923,1.1638355165,0.4724,0.449,0.8559503495896197
4957,106.1022766997,1.16760199254,0.4986,0.4654,1.0
4963,106.10422366473,1.16629426631,0.2156,0.1898,0.929303459551472
4965,106.10400436438,1.16422179046,0.3436,0.3069,1.0
4967,106.11787188778,1.15627916576,0.1209,0.1015,1.0
4968,106.09848460211,1.16071129538,0.1103,0.0974,0.8017797763875839
4969,106.10784575938,1.15131716919,0.1027,0.0916,0.9060938585249816
4972,106.09133308457,1.15967466061,0.0914,0.0815,0.9434668587550413
4974,106.11741415331,1.15880711273,0.1878,0.1548,0.8184349588900668
4981,106.10128535858,1.16791886614,0.0673,0.0604,0.7983032242730355
4984,106.09047388414,1.15445503931,0.1565,0.1387,1.0
4986,106.10365870347,1.14152830755,0.1037,0.092,1.0
4991,106.05095862396,1.14741132693,0.0859,0.0782,1.0
4997,106.04887807608,1.16305304172,0.1841,0.1601,1.0
4999,106.07019892899,1.16302425657,0.2944,0.255,1.0
5005,106.07496056577,1.15688745752,0.0482,0.0435,0.860050847136753
5008,106.05291166202,1.1667220157,0.1093,0.0947,1.0
5013,106.06781594417,1.1491246085,0.1034,0.0919,0.9314431497095428
5014,106.07931023344,1.15595400511,0.0704,0.0626,0.7399199494680562
5020,106.05041597595,1.15386095443,0.0503,0.0448,1.0
5027,106.07629498585,1.15398484424,0.2248,0.2025,1.0
5028,106.07603858884,1.16213912479,0.0538,0.049,0.9816638037510278
5029,106.06090317975,1.17185652041,0.1163,0.1043,1.0
5031,106.07415736319,1.16033424419,0.0416,0.0379,1.0
5036,106.0629129174,1.14667229371,0.1531,0.1384,1.0
5038,106.08201828107,1.16916286696,0.1114,0.0975,1.0
5044,106.06569740542,1.17302782524,0.0513,0.0452,1.0
5052,106.07366041528,1.16961240494,0.0845,0.074,1.0
5054,106.08375869441,1.16379882365,0.1116,0.0994,0.9412729207764613
5061,106.09997910197,1.17458755438,0.0662,0.0597,0.7617160314755345
5064,106.07872740402,1.1798347814,0.1853,0.1618,1.0
5070,106.07040870016,1.16869103812,0.9657,0.7697,0.8635197836837267
5075,106.08187997239,1.17236909815,1.0219,0.8235,0.7820655502801015
5076,106.08792188413,1.18935505299,0.0533,0.0472,1.0
5078,106.07383004376,1.16536620884,0.0558,0.0491,1.0
5080,106.08260092709,1.16350473101,0.0271,0.0249,0.7638362908157319
5081,106.07122251449,1.16930641718,0.1122,0.0975,1.0
5088,106.12098385836,1.17467740591,0.2859,0.24,1.0
5089,106.13802301471,1.17398025347,0.0413,0.04,0.8211244017422157
5093,106.13417944669,1.17639722381,0.246,0.1995,0.7435816679885803
5096,106.13176869704,1.16477616032,0.0579,0.0479,1.0
5100,106.13170106083,1.16822445556,0.0682,0.0572,0.8455894191955231
5101,106.1271559763,1.173895968,0.104,0.0874,1.0
5103,106.12176897579,1.17558441375,0.1068,0.0964,0.8376008344128986
5105,106.1346830922,1.17277692444,0.073,0.0653,1.0
5106,106.14022929992,1.16725240353,0.1168,0.1036,1.0
5107,106.12106468917,1.17335282854,0.0987,0.095,1.0
5109,106.12994738711,1.17149260519,0.2697,0.2308,1.0
5110,106.12774048925,1.16709450042,0.1214,0.1106,0.8345638369151163
5112,106.129143245,1.16412449066,0.0461,0.0385,0.7512575072343988
5114,106.13570128957,1.1747667028,0.1493,0.1332,1.0
5118,106.12380486162,1.1790162944,0.1683,0.1472,1.0
5121,106.12076709309,1.17858965721,0.1959,0.1723,0.8359792884534584
5127,106.11783155596,1.16580937456,0.0913,0.0763,0.7747944235040636
5132,106.09862384602,1.19773812969,0.6081,0.5342,0.7695402012472413
5133,106.10334964781,1.18797733007,0.3455,0.3088,0.8524301138909612
5134,106.09898575164,1.18875134208,0.0949,0.0864,0.9462400867326322
5137,106.11178106681,1.18019067225,0.0572,0.0517,1.0
5138,106.11574937606,1.1883245282,0.1838,0.1495,1.0
5155,106.09879707451,1.19857732457,0.1282,0.1113,0.8828654424930896
5156,106.0917077734,1.19785006446,0.0395,0.0354,0.7642807152887368
5157,106.09279672237,1.19245961506,0.0293,0.0249,0.9377841810661357
5162,106.02250153757,1.17509813933,0.0781,0.0684,1.0
5164,106.04969591374,1.18455138084,0.255,0.2181,1.0
5165,106.03233460542,1.18397845993,0.2156,0.1867,1.0
5169,106.03972685709,1.16453607357,0.4393,0.405,0.978863471724493
5172,106.0424866024,1.15992230234,0.0445,0.0404,1.0
5173,106.03810029575,1.16686435292,0.0423,0.0378,1.0
5174,106.02232705647,1.17400303064,0.2266,0.1938,1.0
5175,106.03246827819,1.16759928803,0.0805,0.0746,1.0
5176,106.05155366669,1.17084230262,0.0843,0.0735,1.0
5185,106.04086060214,1.16044409274,0.1048,0.0934,1.0
5188,106.02433575761,1.17379640974,0.1407,0.1217,1.0
5190,106.05046720088,1.16710783695,0.1457,0.1273,1.0
5192,106.04260547751,1.18053185976,0.1504,0.1326,0.7581935026565435
5193,106.04891173385,1.18090592575,1.0616,0.9097,0.968862231234347
5194,106.041707007,1.19151632986,0.0629,0.0562,1.0
5196,106.02541013843,1.1792421241,0.1451,0.1275,1.0
5208,106.05137795081,1.19583810771,0.9821,0.7707,0.8698102771965706
5213,106.06421768473,1.18979957575,0.1251,0.1086,1.0
5217,106.05482162846,1.20433049924,0.3073,0.2622,1.0
5223,106.06058632397,1.18609585063,0.7074,0.5978,0.9589025763445418
5225,106.0553578527,1.20471822934,0.107,0.0911,1.0
5242,106.05809289632,1.19865853429,0.2036,0.1815,1.0
5250,106.03195874014,1.19018151874,0.1442,0.126,0.9115307174839048
5257,106.00435510167,1.19873106203,0.1149,0.103,0.7617160314755345
5259,106.00956040597,1.18238932077,0.4045,0.4157,0.7341708616842963
5261,106.01277555372,1.19522976688,0.0285,0.027,1.0
5263,106.00754459647,1.19764380299,0.0691,0.0605,1.0
5264,106.01801277589,1.18243550213,0.6386,0.5642,1.0
5265,106.02674150513,1.19014149487,0.035,0.0332,1.0
5266,106.00701529853,1.19628039995,0.2265,0.2106,0.840535684585767
5270,106.0325677345,1.18913350248,0.1684,0.1435,1.0
5271,106.00581197775,1.19864783267,0.5826,0.5627,0.8597254463123698
5272,106.00542559239,1.1979085735,0.1717,0.1545,1.0
5279,106.0240601054,1.20441468716,0.1368,0.1259,1.0
5280,106.00340032917,1.19986918156,0.2116,0.1878,1.0
5285,106.01318678385,1.20559437592,0.1011,0.0907,0.8629949830983543
5288,106.02903398966,1.19470596081,0.077,0.0708,1.0
5289,106.01931776124,1.19425642913,0.2391,0.2308,0.7913584724046879
5291,106.01792636216,1.18391103473,0.1915,0.1742,1.0
5292,106.01551346081,1.18406670374,0.5092,0.5227,0.7665266957363991
5295,106.01408580419,1.19875733277,0.186,0.1806,1.0
5298,106.02562890065,1.19747763562,0.0392,0.0361,1.0
5303,106.03190716043,1.21156228447,0.6456,0.6507,0.8334974883608809
5310,106.03809180844,1.20314913026,0.2207,0.2043,0.9503473528967105
5311,106.03066962977,1.20878879627,0.5831,0.632,0.8546316133538052
5318,106.04205058877,1.19703083923,0.0301,0.0265,1.0
5320,106.03328600899,1.21014536648,0.1243,0.1139,0.9328012197799097
5324,106.07759955677,1.2028070517,0.2803,0.2402,0.8454836742935226
5327,106.08063829008,1.2043102656,0.8902,0.8197,1.0
5329,106.08364320012,1.20153724312,0.0607,0.0462,1.0
5331,106.08254541708,1.20265056856,0.1635,0.1345,1.0
5333,106.08421576089,1.19525784317,0.1463,0.1267,0.8306251525629647
5342,105.90354018197,1.14752403748,0.4188,0.4512,0.7559321084652353
5343,105.90318108297,1.14595680226,0.0685,0.0659,1.0
5348,105.91838597748,1.1317557939,0.557,0.6173,0.7759129161060483
5349,105.90033464107,1.1391062506,0.2717,0.2333,0.9309656308463066
5353,105.8971115682,1.13523005338,0.1579,0.1353,0.7819174998201782
5354,105.90740064733,1.13075806781,0.2064,0.1867,1.0
5355,105.9030621638,1.1244607401,0.9765,0.9316,0.9754707418489199
5360,105.90148930059,1.14459150406,0.5268,0.5605,1.0
5362,105.91326128367,1.12801142355,0.0943,0.0863,0.8773215299507975
5363,105.90697905836,1.13332876594,0.0412,0.0377,1.0
5375,105.92254706757,1.13399914919,0.0843,0.0791,0.9646272438097651
5382,105.92933682901,1.15293205693,0.0871,0.0797,0.7889375990979892
5384,105.92960756077,1.15442055591,0.1098,0.1009,1.0
5385,105.92758440693,1.15238409438,0.0861,0.0773,1.0
5391,105.92968132159,1.17239605882,0.1387,0.1482,1.0
5392,105.92852640028,1.17368630958,0.0615,0.0608,1.0
5397,105.91980817521,1.15800784476,0.1727,0.164,1.0
5401,105.93009291855,1.15652057533,0.3176,0.286,0.8507421325937967
5405,105.93745231333,1.15869828372,0.4201,0.4311,1.0
5408,105.93056780032,1.16800667395,0.1669,0.1668,0.8013092572896603
5411,105.93427561338,1.15708265246,0.0347,0.0317,1.0
5416,105.94688792996,1.15487916109,0.4469,0.458,0.8758887661111296
5419,105.91993264354,1.15178734658,0.1689,0.1484,0.7544056091030945
5420,105.94359736302,1.16257746324,0.0736,0.067,1.0
5425,105.92057243446,1.16795954448,0.0238,0.023,1.0
5426,105.9647500764,1.16968848682,0.2675,0.2452,1.0
5428,105.95574979856,1.17370585558,0.3217,0.2954,1.0
5440,105.95161908488,1.1670547536,0.0694,0.0638,1.0
5443,105.95151117398,1.15766480049,0.0976,0.0908,0.8790747975263022
5444,105.94899156225,1.18440532254,0.0869,0.0807,1.0
5448,105.96238323248,1.18138649089,0.067,0.0586,1.0
5453,105.95790591283,1.18879788977,0.0432,0.0408,1.0
5467,105.95426460825,1.16232411813,0.2945,0.2713,0.7622889538808295
5470,105.95171861749,1.17864934218,0.2988,0.2833,0.7567205855969826
5476,105.94684606043,1.16314932772,0.0943,0.0865,1.0
5479,105.95184955057,1.16758398561,0.0782,0.0706,0.9184130106870598
5485,105.96050801737,1.19019340509,0.1919,0.1819,1.0
5492,105.98372260921,1.18899085865,0.2098,0.1917,0.7814887881763662
5493,105.97050869044,1.19227562651,0.2861,0.2592,0.8940396232486938
5499,105.98509879725,1.20174474737,0.1887,0.1776,1.0
5504,105.97751361911,1.18543990126,0.0882,0.0799,1.0
5506,105.9804663548,1.19627529845,0.067,0.0615,1.0
5509,105.97228211874,1.18879969693,0.2164,0.193,0.9826911123286336
5511,105.96594909542,1.18544711433,0.3332,0.2919,1.0
5518,105.98186830396,1.19827531089,0.2774,0.2599,0.7389415124691886
5529,105.95910787265,1.1937534827,0.1762,0.1626,0.8965441732390617
5533,105.93798828494,1.18226768729,0.0325,0.0307,0.9418317057773653
5534,105.99504867351,1.19715302013,0.077,0.0703,1.0
5539,105.99238110408,1.20118543775,0.2878,0.2695,1.0
5545,105.99018455068,1.19938128396,0.1458,0.1262,0.9620030079372895
